Error,Predicton,Target,Correction
অষমানভাভে,অসমানভাবে,অসমানবাবে,0
অস্টেপৃশ্ঠে,অষ্টেপৃষ্ঠে,অষ্টেপৃষ্ঠে,1
অযস্রতা,অজস্রতা,অজস্রতা,1
অষ্টাষি,অষ্টাশি,অষ্টাশি,1
আপখোরা,আফখোরা,আপখোরা,0
অণুপরমাণুসমূহ,অনুপরমাণুসমূহ,অনুপরমানুঙ্য,0
অঝত্নে,অযত্নে,অজত্নে,0
অশামাঝিক্,অশামাজিক্,অশামাজিক্,1
অণুদ্দেষ,অনুদ্দেশ,অনুদ্দেশ,1
আধিমত্ব,আদিমত্ব,আদিমত্ব,1
অপোধার্,অপোদার্,অপোদার্,1
আটখাণা,আটখানা,আটখানা,1
অফীন,অপীন,অপীন,1
অলাতসিলা,অলাতশিলা,অলাতসিলা,0
অফরিফক্বতা,অপরিপক্বতা,অপরিপক্বতা,1
অর্জমা,অর্যমা,অর্জমা,0
অত্জাভশ্যকীয়,অত্যাবশ্যকীয়,অত্যাবস্যকীয়,0
অীবমুখ,অীভমুখ,অখবমুখ,0
আদরযত্ণ,আদরযত্ন,আদরজত্ণ,0
অক্লেস,অক্লেশ,অক্লেশ,1
অধিকারবুক্ত,অধিকারভুক্ত,অধিকারবুক্ত,0
অদিকতম,অধিকতম,অধিকতম,1
অঘ্রিণ্,অঘ্রিন্,অ<unk>্রিন্,0
অনিস্ঠা,অনিষ্ঠা,অনিষ্ঠা,1
অতোষি,অতোশি,অতোশি,1
অদিকারে,অধিকারে,অধিকারে,1
আবধ্,আবদ্,আবদ্,1
আপতাব,আফতাব,আপতাব,0
অঝিতবংশয,অজিতবংশজ,অজিতবংশ,0
অণাথাশ্রম,অনাথাশ্রম,অনাথাশ্রম,1
আত্মধমনে,আত্মদমনে,আত্মদমনে,1
আফয়ূণ,আফয়ূন,আপয়ূন,0
অফাঙ্গ,অপাঙ্গ,অপাঙ্গ,1
অর্দবয়শ্ক,অর্ধবয়স্ক,অর্ধবয়স্ক,1
আন্তরিক্শ,আন্তরিক্ষ,আন্তরিক্ষ,1
অণ্নময়,অন্নময়,অন্নময়,1
অভিফ্লুত,অভিপ্লুত,অবিপ্লুত,0
অনুদ্যানাদি,অনুধ্যানাদি,অনুদ্যানাদি,0
অল্ফশ্রমে,অল্পশ্রমে,অল্পস্রমে,0
আগ্রহাতিশঝ্ঝ,আগ্রহাতিশয্য,আগ্রহাতিশ,0
অণোইষোর্,অনোইশোর্,অনো<unk>শোর্,0
অঞ্ঝন,অঞ্জন,অঞ্জন,1
অনোনুষ্,অনোনুশ্,অনোনুশ্,1
অর্থবিসিশ্ট,অর্থবিশিষ্ট,অর্থবিশিষ,0
অকৃত্ঝকারী,অকৃত্যকারী,অকৃত্যকারী,1
আক্কেলধাঁত,আক্কেলদাঁত,আক্কেলাদেত,0
আণমনীয়া,আনমনীয়া,আনমনীয়া,1
অণিতি,অনিতি,অনিতি,1
অধোধেস্,অধোদেশ্,অধোদেশ্,1
আপকারাষ্তে,আপকারাস্তে,আপকারাস্তে,1
আভথা,আবথা,আবথা,1
অবীশফ্ত,অভীশপ্ত,অবীশপ্ত,0
অভ্জে,অব্জে,অব্যে,0
অমরাভতীর,অমরাবতীর,অমরাবতীর,1
অফাঙ্গে,অপাঙ্গে,অপাঙ্গে,1
অবিজুক্ত,অবিযুক্ত,অবিযুক্ত,1
অল্ফে,অল্পে,অল্পে,1
অণুসর্গ,অনুসর্গ,অনুসর্গ,1
আপিমঘটিত,আফিমঘটিত,আপিম<unk>টিত,0
অষাস্ত্রীয়,অশাস্ত্রীয়,অশাস্ত্রীয়,1
অনভষ্থা,অনবস্থা,অনবস্থা,1
অসূয়াফর,অসূয়াপর,অশূয়াপর,0
অনুফ্রভেশ,অনুপ্রবেশ,অনুপ্রবেষ,0
অমণ্,অমন্,অমন্,1
অমরাভতী,অমরাবতী,অমরাবতী,1
অষক্ত,অশক্ত,অসক্ত,0
অনুছরবিশেষ,অনুচরবিশেষ,অনুচরবিশে,0
অষ্ভস্তিফূর্ণ,অস্বস্তিপূর্ণ,অশ্বস্তিপর্ণ,0
অনাবিস্কৃত,অনাবিষ্কৃত,অনাবিস্কৃত,0
অবিয্ঞতাহীন,অভিজ্ঞতাহীন,অবিজ্ঞতাহী,0
অফযসকীর্তন,অপযশকীর্তন,অপজসকীর্তণ,0
আচিদরী,আছিদরী,আছিদরী,1
অশ্ফন্দিত,অস্পন্দিত,অশ্পন্দিত,0
আওভাণ্,আওভান্,আইবান্,0
অণহঙ্কার,অনহঙ্কার,অনহঙ্কার,1
অলঙ্কারাধি,অলঙ্কারাদি,অলঙ্কারাদি,1
অদিষ্ঠিত,অধিষ্ঠিত,অধিষ্ঠিত,1
আঘাতেঈ,আঘাতেই,আ<unk>াতেই,0
অর্দেণ্দু,অর্ধেন্দু,অর্দেন্দু,0
অমাণ্,অমান্,অমান্,1
অখ্ঝাত,অখ্যাত,অখ্যাত,1
অণাকার্,অনাকার্,অনাকার্,1
অমেরুদণ্ঢী,অমেরুদন্ডী,অমেরুদন্ডী,1
অনুচ্চেধ,অনুচ্ছেদ,অনুচ্ছে,0
আকিধা,আকিদা,আকিদা,1
অট্টণাদ,অট্টনাদ,অট্টনাদ,1
অভগম,অবগম,অবগম,1
অ্ঝাকশেন্ট,অ্যাকসেন্ট,অ্যাকসেন্ট,1
আধায়ের,আদায়ের,আদায়ের,1
আদভের,আদবের,আদবের,1
আকোষ্,আকোশ্,আকোশ্,1
অণুক্রমাগত,অনুক্রমাগত,অনুক্রমাগত,1
অণ্ঢহীন,অণ্ডহীন,অন্ডহীন,0
অকৃতণামী,অকৃতনামী,অকৃতনামী,1
অনারোগ্জ,অনারোগ্য,অনারোগ্য,1
অণসম্ভভতার,অনসম্ভবতার,অনসম্ববতার,0
অভধ্,অবধ্,অবদ্,0
অনুফকারক,অনুপকারক,অনুপকারক,1
অভিসংবাদিণী,অবিসংবাদিনী,অবিসংবাদি,0
অষামান্য,অসামান্য,অসামান্য,1
অফ্রতিহত,অপ্রতিহত,অপ্রতিহত,1
অঝরামর,অজরামর,অজরামর,1
অভসরমত,অবসরমত,অবসরমত,1
অণ্তর্জাতনা,অন্তর্যাতনা,অন্তর্যাতনা,1
আণমন,আনমন,আনমন,1
আণুপূর্ভিকতা,আনুপূর্বিকতা,আনুপূর্বকতা,0
অণ্ধতম,অন্ধতম,অন্দতম,0
আঙ্গণে,আঙ্গনে,আঙ্গণে,0
অশণিফাতের,অশনিপাতের,অশনিপাতের,1
অবদার্জ,অবধার্য,অবধার্য,1
অষ্মমন্ডল,অশ্মমণ্ডল,অস্মমন্ডল,0
আকর্শণকারী,আকর্ষণকারী,আকর্ষণকারী,1
অবণমিত,অবনমিত,অবনমিত,1
আত্মসম্মাণ,আত্মসম্মান,আত্মসম্মান,1
অধ্যভশায়ের,অধ্যবসায়ের,অদ্যবসায়ের,0
আঁঝল,আঁজল,আঁজল,1
আধ্জরস,আদ্যরস,আদ্যরস,1
আগ্নেয়াধ্রি,আগ্নেয়াদ্রি,আগ্নেয়াদ্র,0
আফিল,আপিল,আপিল,1
অভিকল,অবিকল,অবিকল,1
আকর্নিত,আকর্ণিত,আকর্ণিত,1
আণ্ধায,আন্দায,আন্দাজ,0
অশ্রুত্জাগ,অশ্রুত্যাগ,অশ্রুত্যাগ,1
অধ্যক্সত্ব,অধ্যক্ষত্ব,অদ্যক্ষত্ব,0
আদাণ্,আদান্,আদান্,1
আভরণষ্বরূপ,আবরণস্বরূপ,আবরনস্বরপ,0
অভেনিষঙ্,অবেনিসঙ্,অবেনিশঙ্,0
অরভিণ্দ,অরবিন্দ,অরবিন্দ,1
অণ্নক্সেত্র্র,অন্নক্ষেত্র্র,অন্নক্ষেত্র,0
আদর্ষের,আদর্শের,আদর্ষের,0
অষ্মরী,অশ্মরী,অস্মরী,0
অধূরবর্তী,অদূরবর্তী,অধূরবর্তী,0
আভুয়াব্,আবুয়াব্,আবুয়াব্,1
অবয্ঞার্থে,অবজ্ঞার্থে,অবজ্ঞার্থে,1
অবশাণা,অবসানা,অবসানা,1
অশাধারণ,অসাধারন,অসাদারণ,0
অশ্রুভারি,অশ্রুবারি,অশ্রুবারি,1
অর্থসূন্জ,অর্থশূন্য,অর্থসূন্য,0
অমঙ্গলষাদন,অমঙ্গলসাধন,অমঙ্গলসাদ,0
অণুধাস,অনুদাস,অনুদাশ,0
অতিক্ষুধ্র,অতিক্ষুদ্র,অতিক্ষুদ্র,1
অফ্রতিরোধ্জ,অপ্রতিরোধ্য,অপ্রতিরোদ্,0
অদিকং,অধিকং,অধিকং,1
অষাধ্জ,অসাধ্য,অশাদ্য,0
অভলার,অবলার,অবলার,1
অতিথিসালা,অতিথিশালা,অতিথিশালা,1
আটুঁণি,আটুঁনি,আটুঁনি,1
আত্মসাৎকরন,আত্মসাৎকরণ,আত্মসা<unk>করণ,0
আজায়েভ,আজায়েব,আজায়েব,1
অম্ভুভাচী,অম্বুবাচী,অম্বুবাচী,1
অষ্খলিত,অস্খলিত,অষ্খলিত,0
অষহায়া,অসহায়া,অশহায়া,0
অচাফল্য,অচাপল্য,অচাপল্য,1
অণুগ্রহহীন,অনুগ্রহহীন,অনুগ্রহহী,0
আভদুল,আবদুল,আবদুল,1
অধ্র,অদ্র,অদ্র,1
অধিফতির,অধিপতির,অধিপতির,1
অদ্বূত,অদ্ভূত,অদ্বূত,0
অভিণ্নহৃধয়,অভিন্নহৃদয়,অবিন্নহৃদয়,0
অষ্টফাধ,অষ্টপাদ,অষ্টপাদ,1
আণ্তরিকতাহীন,আন্তরিকতাহীন,আন্তরিকতাহী,0
অকালফক্ক,অকালপক্ক,অকালপক্ক,1
আচারভ্জবহারে,আচারব্যবহারে,আচারব্যবহে,0
আদিকারিক্,আধিকারিক্,আদিকারিক্,0
অষ্থিচর্মশার,অস্থিচর্মসার,অস্থিচর্ম্ার,0
অবাবী,অভাবী,অভাবী,1
অযতণে,অযতনে,অজতনে,0
আবধারে,আবদারে,আবদারে,1
আভলক,আবলক,আবলক,1
আণ্দাযের,আন্দাজের,আন্দাজের,1
আবেদনজুক্ত,আবেদনযুক্ত,আবেদনজুক্ত,0
আদিপোত্,আধিপোত্,আদিপোত্,0
অসমঞ্যধের,অসমঞ্জদের,অসমঞ্যদের,0
অমাণোনা,অমানোনা,অমানোনা,1
অরর্ননীয়,অরর্ণনীয়,অরর্নণীয়,0
আণয়নের,আনয়নের,আনয়নের,1
আধিকবি,আদিকবি,আদিকবি,1
অভচয়ণ,অবচয়ন,অবচয়ন,1
অস্পণ্দিতকায়,অস্পন্দিতকায়,অশ্পন্দিতকায়,0
আফোঙ্,আপোঙ্,আপোঙ্,1
অণুমৃতা,অনুমৃতা,অনুমৃতা,1
অণারাম্,অনারাম্,অনারাম্,1
আঁচাণো,আঁচানো,আঁচানো,1
আবঢাল,আবডাল,আব<unk>াল,0
অন্ত্ঝবর্ণ,অন্ত্যবর্ণ,অন্ত্যবর্ণ,1
অন্ভেষা,অন্বেষা,অন্বেষা,1
অস্ফৃশ্যতা,অস্পৃশ্যতা,অশ্পৃষ্যতা,0
আপোত,আফোত,আপোত,0
অশ্তুতি,অস্তুতি,অস্তুতি,1
আধ্দি,আদ্দি,আদ্দি,1
অর্থকশ্ট,অর্থকষ্ট,অর্থকষ্ট,1
অনাক্রম্ঝ,অনাক্রম্য,অনাক্রম্য,1
অশ্টঘাট,অষ্টঘাট,অষ্ট<unk>াট,0
অভগাহ,অবগাহ,অবগাহ,1
অন্দকারধেখানো,অন্ধকারদেখানো,অন্দকারদেই,0
অদ্ভৈতভ্রহ্মভাদী,অদ্বৈতব্রহ্মবাদী,অধ্ব<unk>তব্রদণী,0
অকোঈতব্,অকোইতব্,অকোইতব্,1
আত্মতুস্টি,আত্মতুষ্টি,আত্মতুষ্ট,0
অঙ্কুরোধ্,অঙ্কুরোদ্,অঙ্কুরোদ্,1
অদ্ধবাভ,অদ্ধভাব,অদ্দবাব,0
অভিচ্ছিণ্ততা,অবিচ্ছিন্ততা,অবিচ্চিন্তা,0
অভিকারিত্ব,অবিকারিত্ব,অবিকারিত্ব,1
অযাজণীয়,অযাজনীয়,অজাজনীয়,0
অণ্তর্হিত,অন্তর্হিত,অন্তর্হ,0
অঙ্গাঙ্গিণ্,অঙ্গাঙ্গিন্,অঙ্গাঙ্গি,0
অভনতির,অবনতির,অবনতির,1
আঁতিফাঁতি,আঁতিপাঁতি,আঁতিপাঁত,0
অপরিমান,অপরিমাণ,অপরিমান,0
অসৌখিন,অশৌখিন,অশ<unk>খিন,0
অষ্টাপধ,অষ্টাপদ,অষ্টাপদ,1
অর্থভিৎ,অর্থবিৎ,অর্থবি<unk>,0
অ্জাটর্,অ্যাটর্,অ্যাটর্,1
আফধগ্রস্ত,আপদগ্রস্ত,আপদগ্রসত,0
আকয়িধ্,আকয়িদ্,আকয়িদ্,1
অভ্যবশায়িনী,অব্যবসায়িনী,অব্যবসায়িণী,0
অষতী,অসতী,অসতী,1
অর্দনারী,অর্ধনারী,অর্ধনারী,1
অণাব্,অনাব্,অনাব্,1
অবিদেয়,অবিধেয়,অবিদেয়,0
অসধ্ভ্জবহার,অসদ্ব্যবহার,অশদ্ব্যবহার,0
অঝাগর,অজাগর,অজাগর,1
অ্যারোঢঢ্রোম্,অ্যারোডড্রোম্,অ্যারো<unk>োম্র,0
অবিনিবেসজুক্ত,অভিনিবেশযুক্ত,অবিনিবেশযুত,0
অণুদ্যায়ী,অনুধ্যায়ী,অনুদ্যায়ী,0
অষ্ত্রোফচার,অস্ত্রোপচার,অস্ত্রোপচার,1
অহিমণ,অহিমন,অহিমন,1
অচিকিৎষণীয়,অচিকিৎসনীয়,অচিকি<unk>শনীয়,0
আপাতুন,আফাতুন,আপাতুন,0
অণাত্মীয়তা,অনাত্মীয়তা,অনাত্মীয়ত,0
আধায়্,আদায়্,আদায়্,1
আগঢাল,আগডাল,আগ<unk>াল,0
অফাবৃনু,অপাবৃণু,অপাবৃণু,1
অকাট্জ,অকাট্য,অকাট্য,1
অসংবরন,অসংবরণ,অসংবরণ,1
অণেকদিণ,অনেকদিন,অনেকদিন,1
আছার্য,আচার্য,আচার্য,1
আঊটন,আউটন,আ<unk>টন,0
অদহণীয়,অদহনীয়,অধহনীয়,0
অবিসারী,অভিসারী,অবিসারী,0
অখেধ,অখেদ,অখেদ,1
অণাসক্তির,অনাসক্তির,অনাসক্তির,1
আত্মোৎকর্স,আত্মোৎকর্ষ,আত্মো<unk>কর্ষ,0
অক্ষোবিত,অক্ষোভিত,অক্ষোবিত,0
অ্জাট্ঝাশে,অ্যাট্যাশে,অ্যাট্যাশে,1
অণাহারে,অনাহারে,অনাহারে,1
অভ্যাকৃত,অব্যাকৃত,অব্যাকৃত,1
অবব্ঝ,অভব্য,অবব্য,0
আণাড়িফনা,আনাড়িপনা,আনাড়িপণা,0
অস্রান্তগতি,অশ্রান্তগতি,অস্রান্তগত,0
অদ্ঝাপিকা,অধ্যাপিকা,অধ্যাপিকা,1
অমাভস্ঝাদি,অমাবস্যাদি,অমাবশ্যাদি,0
অণীহার,অনীহার,অনীহার,1
অন্ভেষনেচ্চু,অন্বেষণেচ্ছু,অন্বেশনেচ্,0
আঊল্যা,আউল্যা,আ<unk>ল্যা,0
আভট্ট,আবট্ট,আবট্ট,1
অপিণো,অপিনো,অপিনো,1
অনিধ্র,অনিদ্র,অনিদ্র,1
আনন্ত্জ,আনন্ত্য,আনন্ত্য,1
অপ্রোতিকরোণিয়ো,অপ্রোতিকরোনিয়ো,অপ্রোতিকর<unk>িো,0
অনভত,অনবত,অনবত,1
অসঞ্ছিত,অসঞ্চিত,অশঞ্চিত,0
অবতরনের,অবতরণের,অবতরণের,1
অন্দল,অন্ধল,অন্দল,0
অশধুপোধেশ্,অশদুপোদেশ্,অশদুপোদেশ্,1
অপমাণযনক,অপমানজনক,অপমানজনক,1
অপোষ্,অপোশ্,অপোশ্,1
অসিশ্,অশিশ্,অশিশ্,1
আণাও,আনাও,আনাই,0
অকষ্মাৎ,অকস্মাৎ,অকস্মা<unk>,0
আপিশে,আপিসে,আপিশে,0
আঁছে,আঁচে,আঁচে,1
আভালি,আবালি,আবালি,1
আখ্ঝাত,আখ্যাত,আখ্যাত,1
অণুপোযোগ্,অনুপোজোগ্,অনুপোজো,0
অ্জামোন্,অ্যামোন্,অ্যামোন্,1
অন্তরেঈ,অন্তরেই,অন্তরেই,1
অছরিতার্থ,অচরিতার্থ,অচরিতার্থ,1
অণুবর্তণ,অনুবর্তন,অনুবর্তণ,0
অদিকরত,অধিকরত,অধিকরত,1
আছকান,আচকান,আচকান,1
অফ্রতুল,অপ্রতুল,অপ্রতুল,1
অষ্ত্রবিদ্ঝায়,অস্ত্রবিদ্যায়,অস্ত্রবিদরণ,0
আঁখিষম,আঁখিসম,আঁখিশম,0
অহৃদ্জ,অহৃদ্য,অহৃদ্য,1
অকণ্ঢিত,অকণ্ডিত,অকন্ডিত,0
আত্মণিমগ্না,আত্মনিমগ্না,আত্মনিমগ্ণা,0
অবশানকারী,অবসানকারী,অবসানকারী,1
অঝন্মদায়িনী,অজন্মদায়িনী,অজন্মদায়িণী,0
আকর্শক,আকর্ষক,আকর্ষক,1
অজণ্তার,অজন্তার,অজন্তার,1
অণ্বেষনজোগ্য,অন্বেষণযোগ্য,অন্বেশনজোর,0
অমণোণয়ন্,অমনোনয়ন্,অমনোনয়ন্,1
অপোরিমাণ্,অপোরিমান্,অপোরিমান্,1
অবশ্থাগ্রশ্ত,অবস্থাগ্রস্ত,অবস্থাগ্র্ত,0
অণুদার্,অনুদার্,অনুদার্,1
অল্পদিণ,অল্পদিন,অল্পদিন,1
অণাহার,অনাহার,অনাহার,1
অভারিত,অবারিত,অবারিত,1
অণূঢ়ার,অনূঢ়ার,অনূ<unk>ার,0
আণিস্,আনিস্,আনিশ্,0
অগ্রনী,অগ্রণী,অগ্রণী,1
অনভর্তী,অনবর্তী,অনবর্তী,1
অণিষ্টকারীর,অনিষ্টকারীর,অনিষ্টকারী,0
আফেল,আপেল,আপেল,1
অচূর্নিত,অচূর্ণিত,অচূর্ণিত,1
আকেভত,আকেবত,আকেবত,1
আণানো,আনানো,আনানো,1
আতাণ্,আতান্,আতান্,1
অক্ষাইঢ,অক্সাইড,অক্ষা<unk><unk>,0
অণ্তর্দর্ষন,অন্তর্দর্শন,অন্তর্দর্ষণ,0
অখণ্ডো,অখন্ডো,অখন্ডো,1
অবিরুধ্,অবিরুদ্,অবিরুদ্,1
অর্দষুদ্ধ,অর্ধশুদ্ধ,অর্ধসুদ্ধ,0
অধিসয়িত,অধিশয়িত,অধিশয়িত,1
অবেক্শনীয়,অবেক্ষণীয়,অবেক্ষণীয়,1
অণুঘটক,অনুঘটক,অনু<unk>টক,0
অস্বাস্থ্জ,অস্বাস্থ্য,অশ্বাস্থ্য,0
আভাষি,আভাসি,আবাশি,0
অশ্ভারোহ,অশ্বারোহ,অশ্বারোহ,1
আপ্রিকায়,আফ্রিকায়,আপ্রিকায়,0
আডুল,আঢুল,আইুল,0
অসণ্দিগ্দ,অসন্দিগ্ধ,অশন্দিগ্দ,0
আগধল,আগদল,আগদল,1
অষীমতা,অসীমতা,অশীমতা,0
অণ্ত্ঝধ্বণির,অন্ত্যধ্বনির,অন্ত্যদ্বন,0
অণিন্ধিত,অনিন্দিত,অনিন্দিত,1
অঙ্কভঙ্ক,অঙ্কবঙ্ক,অঙ্কবঙ্ক,1
অসোউহার্,অশোউহার্,অশো<unk>হার্,0
আয্ঞেয়িকও,আজ্ঞেয়িকও,আজ্ঞেয়িক,0
অর্নবপোতের,অর্ণবপোতের,অর্নবপোতের,0
অম্লোধ্গার,অম্লোদ্গার,অম্লোদ্গার,1
অফেক্ষমান,অপেক্ষমান,অপেক্ষমাণ,0
অক্সমালা,অক্ষমালা,অক্ষমালা,1
আছ্ছাদিল,আচ্ছাদিল,আচ্ছাদিল,1
অবশাণ,অবসান,অবসান,1
অর্ধোধয়,অর্ধোদয়,অর্ধোদয়,1
অল্ফকিছু,অল্পকিছু,অল্পকিচু,0
অদীতি,অধীতি,অধীতি,1
অনাশৃশ্টি,অনাসৃষ্টি,অনাসৃষ্ট,0
অভোদান্,অবোদান্,অবোদান্,1
অম্ভুরি,অম্বুরি,অম্বুরি,1
অবিযোগের,অভিযোগের,অবিযোগের,0
অবসাধগ্রস্ত,অবসাদগ্রস্ত,অবশাদগ্রসত,0
অর্থোদ্দার,অর্থোদ্ধার,অর্থোদ্দার,0
আত্মণিষ্ঠ,আত্মনিষ্ঠ,আত্মনিষ্ঠ,1
অশামান্জতা,অসামান্যতা,অসামান্যতা,1
অটোভি,অটোবি,অটোবি,1
আত্মোৎষর্গকারী,আত্মোৎসর্গকারী,আত্মো<unk>শর্গকের,0
আবিজাত,আভিজাত,আবিজাত,0
অশাসণ,অশাসন,অশাশন,0
অণ্তভ্যস্তে,অন্তব্যস্তে,অন্তব্যস্তে,1
অঙ্গভিকার,অঙ্গবিকার,অঙ্গবিকার,1
অন্তকরন,অন্তকরণ,অন্তকরণ,1
অভণিক,অবণিক,অবনিক,0
আভাহনের,আবাহনের,আবাহনের,1
আটকাভার,আটকাবার,আটকাবার,1
অফজাত,অপজাত,অপজাত,1
অমাণী,অমানী,অমানী,1
আঘ্রান,আঘ্রাণ,আই্রান,0
আকারকরন,আকারকরণ,আকারকরণ,1
আণুপাতিক,আনুপাতিক,আনুপাতিক,1
আত্মদর্ষণকারী,আত্মদর্শনকারী,আত্মদর্ষণকারী,0
আণ্ত্র,আন্ত্র,আন্ত্র,1
অপ্রপুল্ল,অপ্রফুল্ল,অপ্রপুল্ল,0
অসীমত্ভ,অসীমত্ব,অশীমত্ব,0
অভাষ্তবতায়,অবাস্তবতায়,অবাস্তবতায়,1
অষাবদাণবশত,অসাবধানবশত,অশাবদানবশত,0
অষ্বচ্চন্দতা,অস্বচ্ছন্দতা,অশ্বচ্চন্ধ,0
আমনদান,আমনধান,আমনদান,0
আফোৎ,আপোৎ,আপো<unk>,0
অণিবার্য,অনিবার্য,অনিবার্য,1
আঁৎকাণো,আঁৎকানো,আঁইকানো,0
আদেষদাত্রী,আদেশদাত্রী,আদেশদাত্রী,1
আঈয়ামবিজ,আইয়ামবিজ,আইয়ামবি,0
অপরিছিতা,অপরিচিতা,অপরিচিতা,1
অণাথ্,অনাথ্,অনাথ্,1
অর্চণীয়,অর্চনীয়,অর্চনীয়,1
অপ্রত্জাগত,অপ্রত্যাগত,অপ্রত্যা,0
অষকৃৎ,অসকৃৎ,অসকৃ<unk>,0
অপ্রোকৃতিশ্,অপ্রোকৃতিস্,অপ্রোকৃতি,0
অণর্থা,অনর্থা,অনর্থা,1
অস্রজলে,অশ্রজলে,অস্রজলে,0
আটধিকে,আটদিকে,আটদিকে,1
আগ্রহান্ভিত,আগ্রহান্বিত,আগ্রহান্ব,0
আত্মষম্মাণহীন,আত্মসম্মানহীন,আত্মসম্মানহী,0
আগুফিছু,আগুপিছু,আগুপিচু,0
আঙ্গিণায়,আঙ্গিনায়,আঙ্গিনায়,1
আদবুড়ি,আধবুড়ি,আদবুড়ি,0
আত্মতত্ত্ভ,আত্মতত্ত্ব,আত্মত্ত্ব,0
অবিঝ্ঞতাশূন্জ,অভিজ্ঞতাশূন্য,অবিজ্ঞতাশূন্,0
আভিস্কারের,আবিস্কারের,আবিস্কারের,1
আভির্ভাভের,আবির্ভাবের,আবির্বাবের,0
অবিমুখ,অভিমুখ,অবিমুখ,0
অবুজ,অবুঝ,অবুজ,0
অভিলম্বিত,অবিলম্বিত,অবিলম্বিত,1
অফণোদিত,অপনোদিত,অপনোদিত,1
আঁকসলী,আঁকশলী,আঁকশলী,1
অভিদ্ভান,অবিদ্বান,অবিদ্বান,1
অঝমীঢ়,অজমীঢ়,অজমী<unk>,0
অশ্টমাংশ,অষ্টমাংশ,অষ্টমাংশ,1
অশুধ,অষুধ,অশুদ,0
অচিরষ্থায়ী,অচিরস্থায়ী,অচিরস্থায়ী,1
অণ্ণহীন,অন্নহীন,অন্নহীন,1
অহণ্,অহন্,অহন্,1
অবিগ্রস্ত,অভিগ্রস্ত,অবিগ্রস্ত,0
অলক্শণা,অলক্ষণা,অলক্ষণা,1
আভরে,আবরে,আবরে,1
আবরনমণ্ডিত,আভরণমণ্ডিত,আবরনমন্ডিত,0
অভেদণিক,অবেদনিক,অবেদনিক,1
অষুবিদাজনক,অসুবিধাজনক,অশুবিদাজনক,0
আদভে,আদবে,আদবে,1
আকৃতিভিষিষ্ট,আকৃতিবিশিষ্ট,আকৃতিবিশি,0
অভ্ধি,অব্ধি,অব্দি,0
অদিষ্ঠাপিত,অধিষ্ঠাপিত,অধিষ্ঠাপিত,1
অণ্তর্বর্তী,অন্তর্বর্তী,অন্তর্বর্তী,1
আতফ্ত,আতপ্ত,আতপ্ত,1
আজ্ঞাফ্রাফ্ত,আজ্ঞাপ্রাপ্ত,আজ্ঞাপ্রাপ্ত,1
অংসে,অংশে,অংশে,1
অঙ্কুসে,অঙ্কুশে,অঙ্কুষে,0
আণেন,আনেন,আনেন,1
আত্মমর্জাদাভোধ,আত্মমর্যাদাবোধ,আত্মমর্যাদাব,0
অপথ্ঝ,অপথ্য,অপথ্য,1
অফ্রাণী,অপ্রাণী,অপ্রানী,0
আধশার,আদশার,আদসার,0
অণতিক্রমনীয়,অনতিক্রমনীয়,অনতিক্রমণীয়,0
অণ্ত্যমিল,অন্ত্যমিল,অন্ত্যমিল,1
অধস্তণ,অধস্তন,অদস্তন,0
অকম্ফ,অকম্প,অকম্প,1
অপেক্ষন,অপেক্ষণ,অপেক্ষণ,1
অণীষিত,অনীষিত,অনীশিত,0
অধরকারি,অদরকারি,অধরকারি,0
অনোনুবুতোফুর্,অনোনুভুতোপুর্,অনোনুবুতোপর,0
অণুদাণ,অনুদান,অনুদান,1
অঙ্গুলিহেলণ,অঙ্গুলিহেলন,অঙ্গুলিহে,0
অপ্রতর্ক্জ,অপ্রতর্ক্য,অপ্রতর্ক্য,1
অণ্ণপ্রিয়,অন্নপ্রিয়,অন্নপ্রিয়,1
অধিরাযের,অধিরাজের,অধিরাজের,1
আফোজাত্,আপোজাত্,আপোজাত্,1
আমরাশ্তা,আমরাস্তা,আমরাস্তা,1
অমুসলমাণ,অমুসলমান,অমুশলমান,0
অষুস্থতার,অসুস্থতার,অশুস্থতার,0
আঁদলা,আঁধলা,আঁদলা,0
অবিমৃস্যকারিত্ব,অবিমৃষ্যকারিত্ব,অবিমৃষ্যকারিশ,0
অবিষ্মরনীয়,অবিস্মরণীয়,অবিস্মরণীয়,1
অদিভাশযোগ্য,অধিবাসযোগ্য,অধিবাশযোজ,0
আমাদেরঈ,আমাদেরই,আমাদেরে,0
অবলম্বণষূণ্য,অবলম্বনশূন্য,অবলম্বনসূন্,0
অরন্যমেঘের,অরণ্যমেঘের,অরন্যমে<unk>ের,0
অণুগ্রহদৃশ্টি,অনুগ্রহদৃষ্টি,অনুগ্রহদৃশি,0
অফ্রতিভিধেয়,অপ্রতিবিধেয়,অপ্রতিবিদয়,0
আবেদণফত্র,আবেদনপত্র,আবেদনপত্র,1
অবিলাষ,অভিলাষ,অবিলাশ,0
অভেলায়,অবেলায়,অবেলায়,1
অঙ্গঝ,অঙ্গজ,অঙ্গজ,1
আকয়েধে,আকয়েদে,আকয়েদে,1
অজাণা,অজানা,অজানা,1
আণলো,আনলো,আনলো,1
অ্ঝাকটিং,অ্যাকটিং,অ্যাকটিং,1
অ্জাটোম্,অ্যাটোম্,অ্যাটোম্,1
অপদেভতাভিষেষ,অপদেবতাবিশেষ,অপদেবতাবিশে,0
অশ্বমেধঝজ্ঞ,অশ্বমেধযজ্ঞ,অশ্বমেদজজ্ঞ,0
অশ্থিরচিত্ত,অস্থিরচিত্ত,অস্থিরচিতত,0
অগোবির্,অগোভির্,অগোবির্,0
অণ্ধকূপ,অন্ধকূপ,অন্দকূপ,0
অণুসম্বণ্ধীয়,অনুসম্বন্ধীয়,অনুসম্বন্দীয়,0
অভিশারক,অভিসারক,অবিশারক,0
অণাদ্ঝন্ত,অনাদ্যন্ত,অনাদ্যন্ত,1
অদিরথের,অধিরথের,অধিরথের,1
অদিগ,অধিগ,অদিগ,0
অঙ্কলগ্ণ,অঙ্কলগ্ন,অঙ্কলগ্ণ,0
আত্মাফহারী,আত্মাপহারী,আত্মাপহারী,1
আছোরিতো,আচোরিতো,আচোরিতো,1
অনুফাম্,অনুপাম্,অনুপাম্,1
আণমিত,আনমিত,আনমিত,1
অত্যাছারকরন,অত্যাচারকরণ,অত্যাচারকরণ,1
অনিমেশনেত্রে,অনিমেষনেত্রে,অনিমেশনেত্রে,0
অরূফ্,অরূপ্,অরূপ্,1
আছেঈ,আছেই,আছেই,1
অণিচ্,অনিচ্,অনিচ্,1
অণন্যোফায়,অনন্যোপায়,অনন্যোপায়,1
অপকর্শবোদক,অপকর্ষবোধক,অপকর্ষবোদক,0
আণাইয়া,আনাইয়া,আনা<unk>য়া,0
অভ্যুধয়,অভ্যুদয়,অব্যুদয়,0
আঞ্ঝন,আঞ্জন,আঞ্জন,1
আধিহীন,আদিহীন,আদিহীন,1
অঙ্গীবূতকরণ,অঙ্গীভূতকরণ,অঙ্গীবূতকরণ,0
অভিভাধনাধি,অভিবাদনাদি,অবিবাদনাদি,0
অফতিত,অপতিত,অপতিত,1
আণণ্ধদান,আনন্দদান,আনন্দদান,1
আধোম্,আদোম্,আদোম্,1
অণ্তর্ভূক্ত,অন্তর্ভূক্ত,অন্তর্বূক্ত,0
আখুণ্,আখুন্,আখুন্,1
অণুরাগের,অনুরাগের,অনুরাগের,1
আঘাতষহ,আঘাতসহ,আ<unk>াতসহ,0
অতিভৃহৎ,অতিবৃহৎ,অতিবৃহ<unk>,0
অশহিশ্ণুতা,অসহিষ্ণুতা,অশহিষ্নুতা,0
আদেষ,আদেশ,আদেশ,1
আযড়াইয়া,আজড়াইয়া,আজড়া<unk>য়া,0
অনাশ্থা,অনাস্থা,অনাস্থা,1
অকষ্টভদ্দ,অকষ্টবদ্ধ,অকষ্টবদ্ধ,1
অল্ফত্ব,অল্পত্ব,অল্পত্ব,1
অষ্ত্রসংবরন,অস্ত্রসংবরণ,অস্ত্রসবরণ,0
অনুভূতিভ্জঞ্জক,অনুভূতিব্যঞ্জক,অনুবূতিব্যক,0
অভলম্ভনে,অবলম্বনে,অবলম্বণে,0
অঝোগ,অযোগ,অজোগ,0
অকর্মন্য,অকর্মণ্য,অকর্মণ্য,1
আভহমান,আবহমান,আবহমান,1
আক্শির,আক্সির,আক্ষির,0
অবিছিণ্ণ,অবিছিন্ন,অবিচিন্ন,0
অণ্তর্ধ্বার,অন্তর্দ্বার,অন্তর্দ্বার,1
অ্জান্টিনা,অ্যান্টিনা,অ্যান্টিণা,0
অগ্রগামিণী,অগ্রগামিনী,অগ্রগামিণী,0
অক্টোফাস,অক্টোপাস,অক্টোপাশ,0
অসমৃন,অসমৃণ,অসমৃণ,1
অফটুতার,অপটুতার,অপটুতার,1
অভধার,অবধার,অবদার,0
অক্সিগত,অক্ষিগত,অক্ষিগত,1
অরোযাহ্,অরোজাহ্,অরোজাহ্,1
অফ্রযুক্ত,অপ্রযুক্ত,অপ্রজুক্ত,0
আযমীঢ়ে,আজমীঢ়ে,আজমীদে,0
আঈবানি,আইবানি,আইবানি,1
অর্ধখুণ,অর্ধখুন,অর্ধীুণ,0
অতিবৃধ্দ,অতিবৃদ্ধ,অতিবৃদ্দ,0
অভিশফ্ত,অভিশপ্ত,অবিশপ্ত,0
অভদারণযোগ্য,অবধারণযোগ্য,অবধারণজোজ,0
আনন্ধনীফ,আনন্দনীপ,আনন্দনীপ,1
আপোণ্,আপোন্,আপোন্,1
অপব্র,অপভ্র,অপব্র,0
আঈডিয়ার,আইডিয়ার,আইইিয়ার,0
আতাঝাতীয়,আতাজাতীয়,আতাজাতীয়,1
আওলাধ,আওলাদ,আ<unk>লাদ,0
অঞ্ছল,অঞ্চল,অঞ্চল,1
অনোবিজাতো,অনোভিজাতো,অনোবিজাতো,0
অমিতভাশী,অমিতভাষী,অমিতবাশী,0
অবশান্নতা,অবসান্নতা,অবসান্নতা,1
অ্যারোফ্,অ্যারোপ্,অ্যারোপ্,1
অম্ভুভাচি,অম্বুবাচি,অম্বুবাচি,1
অঙ্কণ,অঙ্কন,অঙ্কণ,0
আত্মফ্রতারিত,আত্মপ্রতারিত,আত্মপ্রতার,0
অণাহূত,অনাহূত,অনাহূত,1
অণুকর্তা,অনুকর্তা,অনুকর্তা,1
অ্যাধ্,অ্যাদ্,অ্যাদ্,1
আচোলা,আছোলা,আছোলা,1
অওষৎ,অওসৎ,অ<unk>শ<unk>,0
অণিার্ধষ্ট,অনিার্দষ্ট,অনিার্দশ্ট,0
অভ্জবসায়,অব্যবসায়,অব্যবসায়,1
অপিসর,অফিসর,অপিশর,0
অল্পভয়শে,অল্পবয়সে,অল্পবয়সে,1
অনুফদিশ্ট,অনুপদিষ্ট,অনুপদিষ্ট,1
অণায়ত্তি,অনায়ত্তি,অনায়ত্তি,1
অণ্ধহওয়া,অন্ধহওয়া,অন্দহ<unk>য়া,0
আঝগবি,আজগবি,আজগবি,1
অব্যন্তরবাগ,অভ্যন্তরভাগ,অব্যন্তরবাগ,0
আত্মাবিমত,আত্মাভিমত,আত্মাবিমত,0
অনালোছনীয়,অনালোচনীয়,অনালোচনীয়,1
অক্রোদ,অক্রোধ,অক্রোদ,0
অবগাহণার্থ,অবগাহনার্থ,অবগাহনার্থ,1
অহিতাচরন,অহিতাচরণ,অহিতাচরণ,1
অশ্ত্রশূন্জ,অস্ত্রশূন্য,অস্ত্রসূন্য,0
অফচিকীর্সু,অপচিকীর্ষু,অপচিকীর্শ,0
আত্মপরায়না,আত্মপরায়ণা,আত্মপরায়না,0
আণার্,আনার্,আনার্,1
আফৎকাল,আপৎকাল,আপ<unk>কাল,0
অণ্ণফ্রাশন,অন্নপ্রাশন,অন্নপ্রাশণ,0
অফরিপূর্নতা,অপরিপূর্ণতা,অপরিপূর্ণতা,1
আত্মঅভধারিত,আত্মঅবধারিত,আত্মজবদারিত,0
অগ্নিধাহে,অগ্নিদাহে,অগ্নিদাহে,1
অগৌরভার,অগৌরবার,অগ<unk>রবার,0
অন্তঃফুরের,অন্তঃপুরের,অন্ত<unk>পুরের,0
অঝুরদার,অজুরদার,অজুরদার,1
অভহেলাকারী,অবহেলাকারী,অবহেলাকারী,1
আভুয়াব,আবুয়াব,আবুয়াব,1
অষঙ্কিত,অশঙ্কিত,অসঙ্কিত,0
অর্দনত,অর্ধনত,অর্দনত,0
অদমাধম,অধমাধম,অদমাদম,0
অবসণ্ণতার,অবসন্নতার,অবসন্নতার,1
অনভোতুল্,অনবোতুল্,অনবোতুল্,1
আটোফ,আটোপ,আটোপ,1
অধূর,অদূর,অদূর,1
অভনিমণ্ঢল,অবনিমণ্ডল,অবনিমন্ডল,0
অভিহবা,অবিহবা,অবিহবা,1
অণণ্বয়োপমা,অনন্বয়োপমা,অনন্বয়োপ,0
অভগ্ণ,অভগ্ন,অবগ্ন,0
অনোসুয়ো,অনোশুয়ো,অনোশুয়ো,1
আদিফত্যে,আধিপত্যে,আদিপত্যে,0
আচনু,আছনু,আচনু,0
অণ্তর্ভূত,অন্তর্ভূত,অন্তর্ব,0
আবুতল্,আভুতল্,আবুতল্,0
অঞ্ছ্,অঞ্চ্,অঞ্চ্,1
অংশুফট,অংশুপট,অংশুপট,1
অক্ষরঝীভিক,অক্ষরজীবিক,অক্ষরজীবিক,1
আঁষ্তাকুড়্,আঁস্তাকুড়্,আঁস্তাকুড়্,1
অকুমারীভ্রত,অকুমারীব্রত,অকুমারীব্,0
অভগুন্ঠনের,অবগুণ্ঠনের,অবগুন্ঠনের,0
আটোফ্,আটোপ্,আটোপ্,1
অভিবাহিত,অবিবাহিত,অবিবাহিত,1
অস্রদ্দাপূর্ণবাবে,অশ্রদ্ধাপূর্ণভাবে,অস্রদ্দাপর্াবে,0
অক্শমা,অক্ষমা,অক্ষমা,1
অষ্বযাণ,অশ্বযান,অশ্বজান,0
অক্লিস্টকর্মা,অক্লিষ্টকর্মা,অক্লিষ্টম্মা,0
অণিন্দ্জ,অনিন্দ্য,অনিন্দ্য,1
অষ্থিতপঞ্চম,অস্থিতপঞ্চম,অস্থিতপঞ্চ,0
অলন্দাঝ,অলন্দাজ,অলন্দাজ,1
অণভিজাত,অনভিজাত,অনবিজাত,0
আধায়োতি,আদায়োতি,আদায়োতি,1
আদ্ঝক্ষরের,আদ্যক্ষরের,আদ্যক্ষরের,1
অগ্ণিপাত্র,অগ্নিপাত্র,অগ্নিপাত্র,1
অশ্রুদারে,অশ্রুধারে,অস্রুদারে,0
আওদি,আওধি,আ<unk>দি,0
আঁশভঁটি,আঁশবঁটি,আঁশবঁটি,1
আওয়াযকে,আওয়াজকে,আ<unk>য়াজকে,0
অণিয়ন্ত্রিত,অনিয়ন্ত্রিত,অনিয়ন্ত্র,0
অবিদি,অবিধি,অবিদি,0
অনৈক্জ,অনৈক্য,অন<unk>ক্য,0
অবীফ্সার,অভীপ্সার,অবীপ্ষার,0
অক্শতশরীর,অক্ষতশরীর,অক্ষতসরী,0
অভবাস,অবভাস,অববাশ,0
অফায়,অপায়,অপায়,1
অগ্নিধাহ,অগ্নিদাহ,অগ্নিদাহ,1
অস্থাণকুস্থাণ,অস্থানকুস্থান,অস্থানকুস্থা,0
অলক্ষ্জের,অলক্ষ্যের,অলক্ষ্যের,1
অষত্য,অসত্য,অসত্য,1
অশিভিশেষ,অসিবিশেষ,অশিবিশেষ,0
অণুলেপিত,অনুলেপিত,অনুলেপিত,1
অপরিশর,অপরিসর,অপরিশর,0
আয্নাঈ,আজ্নাই,আজ্নাই,1
অশ্টি,অষ্টি,অশ্টি,0
আজায়েভ্,আজায়েব্,আজায়েব্,1
অণুরতি,অনুরতি,অনুরতি,1
আদর্ষে,আদর্শে,আদর্ষে,0
অফ্রোকৃতো,অপ্রোকৃতো,অপ্রোকৃতো,1
অভস্থান্তরিত,অবস্থান্তরিত,অবস্থান্তর,0
অবিশঙ্কী,অভিশঙ্কী,অবিসঙ্কী,0
আঢ্ডাভাজ,আড্ডাবাজ,আই্ডাবাজ,0
অফ্রোত্,অপ্রোত্,অপ্রোত্,1
অণ্ধ্,অন্ধ্,অন্দ্,0
অষ্থিবিদ্জা,অস্থিবিদ্যা,অস্থিবিদ্যা,1
অভ্ঝুদয়শীল,অভ্যুদয়শীল,অব্যুদয়শী,0
অভ্জস্তা,অভ্যস্তা,অব্যস্তা,0
অহিন্ধু,অহিন্দু,অহিন্দু,1
আত্মম্ভরিতাপূর্ন,আত্মম্ভরিতাপূর্ণ,আত্মম্বরিতার,0
আবরনের,আবরণের,আবরণের,1
অলকাণন্ধা,অলকানন্দা,অলকানন্দা,1
অণস্তিত্ভভাদী,অনস্তিত্ববাদী,অনস্তিত্ববাচ,0
অষুবদায়ক,অশুভদায়ক,অশুবদায়ক,0
অনুভুতিশূচক,অনুভুতিসূচক,অনুবুতিশূচক,0
অষার্থক,অসার্থক,অশার্থক,0
অদিধেব,অধিদেব,অধিদেব,1
অবিমাণাদি,অভিমানাদি,অবিমানাদি,0
অবরোদক,অবরোধক,অবরোদক,0
আছরণকারী,আচরণকারী,আচরনকারী,0
অ্যাকাষোন্,অ্যাকাশোন্,অ্যাকাশো,0
অফ্রকটলীলা,অপ্রকটলীলা,অপ্রকটলীদ,0
আত্মষম্ভ্রম,আত্মসম্ভ্রম,আত্মসম্ব্রম,0
আত্মবিশয়ে,আত্মবিষয়ে,আত্মবিশয়ে,0
আত্মফরায়ণতা,আত্মপরায়ণতা,আত্মপরায়াতা,0
অণাড়ম্,অনাড়ম্,অনাড়ম্,1
অবিভাধণবিশেষ,অভিবাদনবিশেষ,অবিবাদনবিশে,0
অসম্বূত,অসম্ভূত,অসম্বূত,0
আফণিক,আপণিক,আপনিক,0
অণুমাননির্বর,অনুমাননির্ভর,অনুমাননিরর,0
অণাবিলা,অনাবিলা,অনাবিলা,1
অণির্ভাপিত,অনির্বাপিত,অনির্বাপিত,1
অবণ্তী,অবন্তী,অবন্তী,1
অণুরঞ্জিত,অনুরঞ্জিত,অনুরঞ্জিত,1
অমর্শী,অমর্ষী,অমর্ষী,1
অভিমণ্জুকে,অভিমন্যুকে,অবিমন্যুকে,0
আত্মছিন্তায়,আত্মচিন্তায়,আত্মচিন্তায়,1
অগ্ণিভর্হদিগন্তের,অগ্নিবর্হদিগন্তের,অগ্নিবর্হদ্ত,0
অষুলভ,অসুলভ,অশুলব,0
অণিবিড়্,অনিবিড়্,অনিবিড়্,1
আফনি,আপনি,আপনি,1
অবিজাত,অভিজাত,অবিজাত,0
অশ্রধ্ধা,অশ্রদ্ধা,অস্রদ্দা,0
অভাদ্যের,অবাধ্যের,অবাদ্যের,0
অদিনায়কত্ভ,অধিনায়কত্ব,অধিনায়কত্ব,1
অষ্পৃশ্যা,অস্পৃশ্যা,অশ্পৃষ্যা,0
অসছ্,অসচ্,অশচ্,0
অভোহেলন,অবোহেলন,অবোহেলন,1
অপণয়ণ,অপনয়ন,অপনয়ন,1
আণিহ,আনিহ,আনিহ,1
অশ্ত্রোফচারকারী,অস্ত্রোপচারকারী,অস্ত্রোপ<unk>ারী,0
আভরধেশ,আবরদেশ,আবরদেশ,1
অশ্থির,অস্থির,অস্থির,1
অশতর্ক,অসতর্ক,অসতর্ক,1
আণিও,আনিও,আনি<unk>,0
অভ্জাগম,অভ্যাগম,অব্যাগম,0
অণর্থকর,অনর্থকর,অনর্থকর,1
আকম্পণ,আকম্পন,আকম্পণ,0
অষ্বগন্দা,অশ্বগন্ধা,অশ্বগণ্ধা,0
অমর্শিত,অমর্ষিত,অমর্ষিত,1
অবাধ্,অবাদ্,অবাদ্,1
অধন্,অদন্,অদন্,1
অনব্ঝাস,অনভ্যাস,অনব্যাশ,0
আভেগপ্রধান,আবেগপ্রধান,আবেগপ্রদান,0
আওয়াযতোলা,আওয়াজতোলা,আ<unk>য়াজতোলা,0
অদুশ্ট,অদুষ্ট,অধুষ্ট,0
অঞ্ছলভেদে,অঞ্চলভেদে,অঞ্চলবেদে,0
অবক্শেফ,অবক্ষেপ,অবক্ষেপ,1
অফোরিশিম্,অপোরিশিম্,অপোরিশিম্,1
আভিদ্দ,আবিদ্ধ,আবিদ্দ,0
অঝোগ্য,অযোগ্য,অজোগ্য,0
আত্মোফকারী,আত্মোপকারী,আত্মোপকারী,1
অনুজেঈ,অনুজেই,অনুজেই,1
অসৌচকালে,অশৌচকালে,অশ<unk>চকালে,0
অদহ্,অধহ্,অদহ্,0
অভধ্,অভদ্,অবদ্,0
আদুত,আধুত,আদুত,0
আদরজত্নে,আদরযত্নে,আদরজত্নে,0
অভোতারোন্,অবোতারোন্,অবোতারোন্,1
আঈটেম,আইটেম,আইটেম,1
আভরী,আবরী,আবরী,1
অঝানিতো,অজানিতো,অজানিতো,1
অদ্যয়ণগৃহ,অধ্যয়নগৃহ,অধ্যয়নগৃ,0
আপুটন্,আফুটন্,আফুটন্,1
অকুণ্ঠিতচিত্তে,অকুন্ঠিতচিত্তে,অকুন্ঠিতচ,0
অণুরক্তিহীন,অনুরক্তিহীন,অনুরক্তিহী,0
অণ্যাসক্ত,অন্যাসক্ত,অন্যাসক্ত,1
অশুখী,অসুখী,অশুখী,0
অয়স্কর্ষনী,অয়স্কর্ষণী,অয়স্কর্ষণী,1
অভিষার,অভিসার,অবিশার,0
অয়োস্,অয়োশ্,অয়োশ্,1
অবিসংবাধিত,অবিসংবাদিত,অবিশংবাদিত,0
অত্যয়ফত্র,অত্যয়পত্র,অত্যয়পত্র,1
অ্যাস্ট্রোণট,অ্যাস্ট্রোনট,অ্যাষ্ট্রো,0
আবাঙ্গ,আভাঙ্গ,আবাঙ্গ,0
আতপক্লাণ্ত,আতপক্লান্ত,আতপক্লান্ত,1
অগ্ণিক্রীড়া,অগ্নিক্রীড়া,অগ্নিক্রীা,0
অষমৃদ্দ,অসমৃদ্ধ,অসমৃদ্দ,0
অশ্ম্,অস্ম্,অশ্ম্,0
অণিদ্রায়,অনিদ্রায়,অনিদ্রায়,1
অভিকারী,অবিকারী,অবিকারী,1
অক্সরটি,অক্ষরটি,অক্ষরটি,1
অছেনায়,অচেনায়,অচেনায়,1
আত্মশাৎকারী,আত্মসাৎকারী,আত্মসা<unk>কারী,0
অত্যাছারীরা,অত্যাচারীরা,অত্যাচারী,0
অফ্রসারিত,অপ্রসারিত,অপ্রসারিত,1
অষ্রধ্ধ,অশ্রদ্ধ,অশ্রদ্দ,0
অমানুসিকও,অমানুষিকও,অমানুশিক,0
অণ্ণদাণরূপ,অন্নদানরূপ,অন্নদানরূপ,1
অবিনেত্রীতে,অভিনেত্রীতে,অবিনেত্রী,0
অর্থলাবে,অর্থলাভে,অর্থলাবে,0
আণালহক,আনালহক,আনালহক,1
অকৌসলী,অকৌশলী,অক<unk>শলী,0
অনল্ফ,অনল্প,অনল্প,1
আপিঙ্গের,আফিঙ্গের,আপিঙ্গের,0
অফোরিনাম্,অপোরিনাম্,অপোরিনাম্,1
অধান,অদান,অধান,0
অদ্যারোপণ,অধ্যারোপন,অধ্যারোপ,0
অবিভ্যক্তিবাধ,অভিব্যক্তিবাদ,অবিব্যক্তিবা,0
অণুদার,অনুদার,অনুদার,1
অবিখ্জাত,অবিখ্যাত,অবিখ্যাত,1
অণুধ্ঘাতীনী,অনুদ্ঘাতীনী,অনুদ্ডাতীনী,0
অগ্ণিগর্ভ,অগ্নিগর্ভ,অগ্নিগর্ব,0
অভোতরোন্,অবোতরোন্,অবোতরোন্,1
অণ্নফুর্ণা,অন্নপুর্ণা,অন্নপুর্ণা,1
আভ্বাশ,আব্বাস,আব্বাশ,0
অভগুন্ঠিতা,অবগুন্ঠিতা,অবগুন্ঠিতা,1
অবলেহণ,অবলেহন,অবলেহন,1
অমলিণ,অমলিন,অমলিন,1
আদিদৈভিক,আধিদৈবিক,আধিদ<unk>বিক,0
অঝ্ঞতার,অজ্ঞতার,অজ্ঞতার,1
অশঙ্কণীয়,অশঙ্কনীয়,অসঙ্কনীয়,0
অফচিকীর্ষা,অপচিকীর্ষা,অপচিকীর্ষা,1
অনুভীক্ষণে,অণুবীক্ষণে,অনুবীক্ষণে,0
অভগতির,অবগতির,অবগতির,1
অংসীদার,অংশীদার,অংশীদার,1
আত্মধান,আত্মদান,আত্মদান,1
অর্শাণো,অর্শানো,অর্সানো,0
অভলম্বী,অবলম্বী,অবলম্বী,1
অপেরণ্,অপেরন্,অপেরণ্,0
আভিসিনিয়ার,আবিসিনিয়ার,আবিশিনিয়ার,0
আধভুড়া,আধবুড়া,আদবুড়া,0
আবিমুখ্য,আভিমুখ্য,আবিমুখ্য,0
অনুশূছনা,অনুসূচনা,অনুশূচনা,0
অনতিধূরভর্তী,অনতিদূরবর্তী,অনতিদূরবরতী,0
অসাঝণ্ত,অসাজন্ত,অশাজন্ত,0
আদিকাব্ঝ,আদিকাব্য,আদিকাব্য,1
আঁসফল,আঁশফল,আঁশপল,0
অসংকীর্ন,অসংকীর্ণ,অসংকীর্ণ,1
অবিগম,অভিগম,অবিগম,0
অফ্রকৃতিস্থতা,অপ্রকৃতিস্থতা,অপ্রকৃতিসতা,0
অকিণ্ছোন,অকিন্চোন,অকিন্চোন,1
অধিকারভ্রস্ট,অধিকারভ্রষ্ট,অধিকারব্রশ্ট,0
অস্থায়ীবাভে,অস্থায়ীভাবে,অস্থায়েবে,0
আত্মষর্মফণ,আত্মসর্মপণ,আত্মসর্মপণ,1
অডেল,অঢেল,অ<unk>েল,0
অব্ঝর্হণা,অভ্যর্হণা,অব্যর্হণা,0
অন্দকারনাসক,অন্ধকারনাশক,অন্দকারণাশক,0
অস্ভবল্গা,অশ্ববল্গা,অশ্ববল্গা,1
আমবাগাণের,আমবাগানের,আমবাগানের,1
অকৃষ্ন,অকৃষ্ণ,অকৃষ্ণ,1
অবদ্রতা,অভদ্রতা,অবদ্রতা,0
অণকেবার,অনকেবার,অনকেবার,1
অণ্যপক্স,অন্যপক্ষ,অন্যপক্ষ,1
অণুমতিপত্র,অনুমতিপত্র,অনুমতিপত্র,1
অল্ফমাত্র,অল্পমাত্র,অল্পমাত্র,1
আছালতণ,আছালতন,আছালতন,1
অণাদ্ঝ,অনাদ্য,অনাদ্য,1
অন্ভু,অন্বু,অন্বু,1
অন্ঝোন্ঝ,অন্যোন্য,অন্যোন্য,1
আত্মম্ববী,আত্মম্ভবী,আত্মম্ববী,0
অবষ্যি,অবশ্যি,অবশ্জি,0
অস্রুগধগদ,অশ্রুগদগদ,অস্রুগদগদ,0
অণ্যমত,অন্যমত,অন্যমত,1
অশ্থায়িতা,অস্থায়িতা,অস্থায়িতা,1
অভীর,অবীর,অবীর,1
আগভাড়ানো,আগবাড়ানো,আগবাড়ানো,1
অভনীতে,অবনীতে,অবনীতে,1
অঞ্যলিয়া,অঞ্জলিয়া,অঞ্জলিয়া,1
অশৎকার্য,অসৎকার্য,অশ<unk>কার্য,0
আদাভ,আদাব,আদাব,1
অম্ভল,অম্বল,অম্বল,1
অশ্ত্রীক,অস্ত্রীক,অস্ত্রীক,1
অ্জাসোসিয়েসণ,অ্যাসোসিয়েশন,অ্যাশোশিয়ে,0
আধাড়্,আদাড়্,আদাড়্,1
আছুধা,আছুদা,আছুদা,1
অ্ঝাপ্,অ্যাপ্,অ্যাপ্,1
অণপেক্ষিত,অনপেক্ষিত,অনপেক্ষিত,1
অবিলাষহীণতা,অভিলাষহীনতা,অবিলাশহীন,0
আতিষয্যযণিত,আতিশয্যজনিত,আতিশজ্যজিত,0
অর্কিঢ,অর্কিড,অর্কি<unk>,0
অণ্ঢকোষযুক্ত,অন্ডকোষযুক্ত,অন্ডকোশযুত্,0
অণাকার,অনাকার,অনাকার,1
অণ্যধেহ,অন্যদেহ,অন্যদেহ,1
অর্ছক,অর্চক,অর্চক,1
অতরুন,অতরুণ,অতরুণ,1
অফ্রোকৃত,অপ্রোকৃত,অপ্রোকৃত,1
অগ্রশ্থ,অগ্রস্থ,অগ্রস্থ,1
অভোলম্,অবোলম্,অবোলম্,1
আপ্জায়ক,আপ্যায়ক,আপ্জায়ক,0
অণ্তঃশীলা,অন্তঃশীলা,অন্ত<unk>শীদ,0
অণতিবিকাস,অনতিবিকাশ,অনতিবিকাশ,1
আটচল্লিসের,আটচল্লিশের,আটচল্লিশের,1
অত্রশ্থ,অত্রস্থ,অত্রস্থ,1
অন্নবোঝন,অন্নভোজন,অন্নবোজ,0
অণ্ধ,অন্ধ,অন্দ,0
অণ্দচক্র,অন্ধচক্র,অন্দচক্র,0
অভিশ্টধাতা,অভিষ্টদাতা,অবিষ্টদাত,0
অবছ্ছিণ্ণ,অবচ্ছিন্ন,অবচ্ছিন্ন,1
অংসপলক,অংসফলক,অংশপলক,0
অঙ্গশঞ্ছাচল,অঙ্গসঞ্চাচল,অঙ্গসঞ্চাল,0
আকাষগলা,আকাশগলা,আকাশগলা,1
আণিব,আনিব,আনিব,1
অণাদায়্,অনাদায়্,অনাদায়্,1
অপ্রত্জয়ী,অপ্রত্যয়ী,অপ্রত্যয়ী,1
আভেক্,আবেক্,আবেক্,1
অল্ফখনিক,অল্পখনিক,অল্পীনিক,0
অর্থনাষ,অর্থনাশ,অর্থনাশ,1
অণ্তরা,অন্তরা,অন্তরা,1
আনুপূর্ভ,আনুপূর্ব,আনুপূর্ব,1
অঝাজোণিয়ো,অজাজোনিয়ো,অজাজোনিয়,0
আঁষালো,আঁশালো,আঁশালো,1
অপরিস্কৃত,অপরিষ্কৃত,অপরিস্কৃত,0
আধমীতে,আদমীতে,আদমীতে,1
অণকৃত,অনকৃত,অনকৃত,1
অফ্রতীত,অপ্রতীত,অপ্রতীত,1
আজবখাণা,আজবখানা,আজবখানা,1
আকণ্,আকন্,আকন্,1
অফ্রকাশিতা,অপ্রকাশিতা,অপ্রকাশিতা,1
অনুগ্রহব্জঞ্জক,অনুগ্রহব্যঞ্জক,অনুগ্রহু্যক,0
অঘটণীয়,অঘটনীয়,অ<unk>টনীয়,0
অগ্রভাগঝুক্ত,অগ্রভাগযুক্ত,অগ্রবাগজুত্ত,0
অপরণ্তু,অপরন্তু,অপরন্তু,1
অগ্রাদিকারের,অগ্রাধিকারের,অগ্রাদিকারের,0
অজ্ঞতাভশত,অজ্ঞতাবশত,অজ্ঞতাবসত,0
আটফিটা,আটপিটা,আটপিটা,1
অপ্রচণ্ঢ,অপ্রচণ্ড,অপ্রচন্ড,0
আভরিলে,আবরিলে,আবরিলে,1
অবক্ষ্জ,অভক্ষ্য,অবক্ষ্য,0
অঙ্গুলিনির্ধেষ,অঙ্গুলিনির্দেশ,অঙ্গুলিনর্দেশ,0
আত্মোণ্নতি,আত্মোন্নতি,আত্মোন্নতি,1
অণাহারিণী,অনাহারিণী,অনাহারিণী,1
অলিজিহভা,অলিজিহবা,অলিজিহবা,1
অবহিতছিত্তে,অবহিতচিত্তে,অবহিতচিতত,0
অভষ্থানের,অবস্থানের,অবস্থানের,1
অণারোগ্,অনারোগ্,অনারোগ্,1
অষুয়ক্,অশুয়ক্,অশুয়ক্,1
অজথাভাক্য,অযথাবাক্য,অজথাবাক্য,0
আঁছা,আঁচা,আঁচা,1
আফ্তপর,আপ্তপর,আপ্তপর,1
আটফিটে,আটপিটে,আটপিটে,1
অশোইণিক্,অশোইনিক্,অশো<unk>নিক্,0
অসহিশ্নু,অসহিষ্ণু,অশহিষ্ণু,0
আণাম্,আনাম্,আনাম্,1
অণর্থপাতের,অনর্থপাতের,অনর্থপাতের,1
অবয়ব্জঞ্জক,অভয়ব্যঞ্জক,অবয়ব্যঞ্যক,0
অমনোঝোগ,অমনোযোগ,অমনোজোগ,0
অশ্থিফঞ্জরের,অস্থিপঞ্জরের,অস্থিপঞ্যরের,0
অণুকরণকারী,অনুকরণকারী,অনুকরণকারী,1
অতিথিষৎকার,অতিথিসৎকার,অতিথিশ<unk>কার,0
অঝণ্মন্,অজন্মন্,অজন্মন্,1
অণুষণ্ধিৎসা,অনুসন্ধিৎসা,অনুসন্দিদিা,0
অবিমণ্যু,অভিমন্যু,অবিমন্যু,0
অশ্থায়িত্ব,অস্থায়িত্ব,অস্থায়িত্ব,1
আটকফালী,আটকপালী,আটকপালী,1
অতিধীর্ঘ,অতিদীর্ঘ,অতিদীর্ড,0
অবণ্,অবন্,অবন্,1
অধূরে,অদূরে,অধূরে,0
অফরাধ,অপরাধ,অপরাদ,0
আণুন,আনুন,আনুন,1
আত্মপ্রসাধে,আত্মপ্রসাদে,আত্মপ্রসাদে,1
অবঙ্,অভঙ্,অবঙ্,0
অনিছ্ছায়,অনিচ্ছায়,অনিচ্ছায়,1
অছালনীয়,অচালনীয়,অচালনীয়,1
অণ্তঃপুর,অন্তঃপুর,অন্ত<unk>পুর,0
অম্ভোদির,অম্ভোধির,অম্বোদির,0
অণণ্য,অনন্য,অনন্য,1
আত্মরক্ষাঈ,আত্মরক্ষাই,আত্মরক্ষাই,1
অঘটণ্,অঘটন্,অ<unk>টন্,0
অণুফফন্ন,অনুপপন্ন,অনুপপন্ণ,0
অশম্মতি,অসম্মতি,অসম্মতি,1
অছিকিৎস্ঝ,অচিকিৎস্য,অচিকি<unk>শ্য,0
অভিবেক,অবিবেক,অবিবেক,1
আটুণি,আটুনি,আটুনি,1
অধ্ধাআর,অদ্ধাআর,অদ্দাদর,0
অ্ঝাকাকি,অ্যাকাকি,অ্যাকাকি,1
অধঃসিরা,অধঃশিরা,অধ<unk>শিরা,0
আত্নফ্রকাশের,আত্নপ্রকাশের,আত্নপ্রকাশের,1
আগেয়াণী,আগেয়ানী,আগেয়ানী,1
অভলেপ,অবলেপ,অবলেপ,1
অছলনীয়,অচলনীয়,অচলনীয়,1
অকৃতকার্জ,অকৃতকার্য,অকৃতকার্য,1
অভনত,অবনত,অবনত,1
আছরনজাত,আচরণজাত,আচরণজাত,1
আধষারা,আধসারা,আদসারা,0
অণায়াশষিদ্ধ,অনায়াসসিদ্ধ,অনায়াশসিদ,0
অত্যাণ্ত,অত্যান্ত,অত্যান্ত,1
আধিক্জে,আধিক্যে,আদিক্যে,0
অণুগামিনী,অনুগামিনী,অনুগামিণী,0
আচাবুয়া,আচাভুয়া,আচাবুয়া,0
অফরাধের,অপরাধের,অপরাদের,0
আবষ্তক,আবস্তক,আবস্তক,1
অণাথনিবাশ,অনাথনিবাস,অনাথনিবাশ,0
আণিয়াছে,আনিয়াছে,আনিয়াচে,0
অণফেক্ষ,অনপেক্ষ,অনপেক্ষ,1
অ্ঝাতো,অ্যাতো,অ্যাতো,1
অকথণীয়,অকথনীয়,অকথনীয়,1
অভধি,অবধি,অবদি,0
অভনিতি,অবনিতি,অবনিতি,1
আদ্জভর্ণলোপে,আদ্যবর্ণলোপে,আদ্যবর্ণল,0
অলব্দ,অলব্ধ,অলব্দ,0
অদাঝ্,অদাজ্,অধাজ্,0
অনুজায়ী,অনুযায়ী,অনুজায়ী,0
আণারসী,আনারসী,আনারশী,0
আন্তর্মহাধেশীয়,আন্তর্মহাদেশীয়,আন্তর্মহাদয়,0
আখ্ঝায়ক,আখ্যায়ক,আখ্যায়ক,1
অবিদ্ঝারূফিণী,অবিদ্যারূপিণী,অবিদ্যারূপণী,0
আধিরস,আদিরস,আদিরস,1
অষতের,অসতের,অসতের,1
অগোপণ্,অগোপন্,অগোপন্,1
আচাড়ি,আছাড়ি,আছাড়ি,1
আফোরান্,আপোরান্,আপোরান্,1
আগ্রহযনক,আগ্রহজনক,আগ্রহজনক,1
অষ্রুর,অশ্রুর,অশ্রুর,1
আণন্ধরসে,আনন্দরসে,আনন্দরসে,1
অম্ভরি,অম্বরি,অম্বরি,1
অচইতে,অছইতে,অচ<unk>তে,0
অশম্ভবকে,অসম্ভবকে,অসম্ববকে,0
অষ্তেয়,অস্তেয়,অস্তেয়,1
আঁদিয়ার,আঁধিয়ার,আঁদিয়ার,0
অশ্ত্রাগারে,অস্ত্রাগারে,অস্ত্রাগারে,1
আবির্বূতা,আবির্ভূতা,আবির্বূতা,0
অফ্রত্ঝাশিতবাবে,অপ্রত্যাশিতভাবে,অপ্রত্যাশিত,0
অসম্মাণযনক,অসম্মানজনক,অসম্মানজনক,1
অতৃফ্তি,অতৃপ্তি,অতৃপ্তি,1
অক্ষুন্নফ্রতাপ,অক্ষুণ্নপ্রতাপ,অক্ষুন্নপ্রতাপ,0
অমাণুষের,অমানুষের,অমানুশের,0
আংগিণায়,আংগিনায়,আংগিনায়,1
আইণমাফিক,আইনমাফিক,আইনমাপিক,0
আত্মমগ্ণা,আত্মমগ্না,আত্মমগ্না,1
আমষি,আমশি,আমসি,0
অতিক্লিস্ট,অতিক্লিষ্ট,অতিক্লিষ্ট,1
অভহেলার,অবহেলার,অবহেলার,1
আভারাহ্,আবারাহ্,আবারাহ্,1
আবরনী,আবরণী,আবরণী,1
অভমানিত,অবমানিত,অবমানিত,1
আফিড়ন্,আপিড়ন্,আপিড়ন্,1
অসাণ্তভাব,অশান্তভাব,অশান্তবাব,0
আদেষলঙ্ঘণ,আদেশলঙ্ঘন,আদেশলঙ্ড,0
অপব্জয়ী,অপব্যয়ী,অপব্যয়ী,1
আতিশজ্জের,আতিশয্যের,আতিশজ্যের,0
অঙ্কঝুক্ত,অঙ্কযুক্ত,অঙ্কজুক্ত,0
আত্মোধরপূর্তি,আত্মোদরপূর্তি,আত্মোদরপর্তি,0
অতিফিণদ্ধ,অতিপিনদ্ধ,অতিপিনদ্দ,0
আগেঈ,আগেই,আগেই,1
আটাস,আটাশ,আটাশ,1
অণন্তরহশ্য,অনন্তরহস্য,অনন্তরহস্য,1
অশাড়ে,অসাড়ে,অশাড়ে,0
অরোভিন্,অরোবিন্,অরোবিন্,1
অণ্ততঃ,অন্ততঃ,অন্তত<unk>,0
আদিস্টা,আদিষ্টা,আদিষ্টা,1
আকাঙ্ক্শাকারী,আকাঙ্ক্ষাকারী,আকাঙ্ক্ষাকারী,1
অর্পণঝোগ্ঝ,অর্পণযোগ্য,অর্পনজোগ্,0
অণুমতিটা,অনুমতিটা,অনুমতিটা,1
অভিঝ্ঞতা,অভিজ্ঞতা,অবিজ্ঞতা,0
অশ্ভসাদী,অশ্বসাদী,অশ্বসাদী,1
অকালয,অকালজ,অকালজ,1
আত্মবলিধাণ,আত্মবলিদান,আত্মবলিদান,1
অভিবেছনীয়,অবিবেচনীয়,অবিবেচনীয়,1
আধায়কারী,আদায়কারী,আদায়কারী,1
অর্দসিদ্দ,অর্ধসিদ্ধ,অর্ধসিদ্ধ,1
আকণ্ঠমগ্ন,আকন্ঠমগ্ন,আকন্ঠমগ্ণ,0
আঁচলখাণি,আঁচলখানি,আঁচলখানি,1
অভ্দ্যগ্নি,অব্ধ্যগ্নি,অব্দ্যগ্ণি,0
অভদ্যতা,অবধ্যতা,অবদ্যতা,0
আঁষানো,আঁশানো,আঁশানো,1
অবোছ্,অবোচ্,অবোচ্,1
আভচায়াভাবে,আবছায়াভাবে,আবছায়াবাবে,0
আত্মহত্ঝাকারিণী,আত্মহত্যাকারিণী,আত্মহত্যাকারণী,0
আত্মবিলোফ,আত্মবিলোপ,আত্মবিলোপ,1
অষ্তগিরি,অস্তগিরি,অস্তগিরি,1
আণিনি,আনিনি,আনিনি,1
অণভস্থিতচিত্ত,অনবস্থিতচিত্ত,অনবস্থিতচিত,0
অসুভিধায়,অসুবিধায়,অশুবিদায়,0
অষ্ভারোহণ,অশ্বারোহণ,অশ্বারোহ,0
অদ্যারোফ,অধ্যারোপ,অধ্যারোপ,1
অনুষারী,অনুসারী,অনুসারী,1
অত্যুণ্ণত,অত্যুন্নত,অত্যুন্নত,1
অযানিতের,অজানিতের,অজানিতের,1
অ্ঝা,অ্যা,অ্যা,1
অন্ভিত,অন্বিত,অন্বিত,1
আনুফোধিক্,আনুপোদিক্,আনুপোদিক্,1
অণুচরভর্গ,অনুচরবর্গ,অনুচরবর্গ,1
আভর্জণাহীন,আবর্জনাহীন,আবর্যনাহীন,0
আইনযীবী,আইনজীবী,আইনজীবী,1
অণুষঙ্গী,অনুষঙ্গী,অনুসঙ্গী,0
অণনুস্ঠিত,অননুষ্ঠিত,অননুষ্ঠিত,1
আণ্য,আন্য,আন্জ,0
অণুচিকীর্ষা,অনুচিকীর্ষা,অনুচিকীর্ষা,1
আণত্,আনত্,আনত্,1
অণুকরণঝোগ্য,অনুকরণযোগ্য,অনুকরণজোজ,0
আঢ্ডা,আড্ডা,আই্ডা,0
আধানফ্রদানের,আদানপ্রদানের,আদানপ্রদাপে,0
আঢ্ডাগাড়া,আড্ডাগাড়া,আই্ডাগাড়া,0
আমাধা,আমাদা,আমাদা,1
অষ্ভাস্থ্যকর,অস্বাস্থ্যকর,অশ্বাস্থ্যপ,0
অবিলাষী,অভিলাষী,অবিলাশী,0
অঘোশিত,অঘোষিত,অ<unk>োশিত,0
অভিঘাতিণী,অভিঘাতিনী,অবি<unk>াতিনী,0
অবশ্থাফ্রাপ্তি,অবস্থাপ্রাপ্তি,অবস্থাপ্রাপ্তি,1
অংংরসণা,অংংরসনা,অংংরসণা,0
অশাদু,অশাধু,অশাদু,0
অস্ভবণ্ধন,অশ্ববন্ধন,অশ্ববন্দন,0
অশুরতুল্য,অসুরতুল্য,অশুরতুল্য,0
অকুস্ঠিত,অকুষ্ঠিত,অকুষ্ঠিত,1
আগুলণো,আগুলনো,আগুলনো,1
অব্জূত্থান,অভ্যূত্থান,অব্যূত্থাণ,0
অভোশাণ্,অবোশান্,অবোশান্,1
আঁষপল,আঁষফল,আঁশপল,0
অফোরাধ্,অপোরাধ্,অপোরাদ্,0
আমগাচ,আমগাছ,আমগাচ,0
অধিকারীধের,অধিকারীদের,অধিকারীদের,1
অজাণিত,অজানিত,অজানিত,1
অল্ফকালে,অল্পকালে,অল্পকালে,1
আগুভাড়ী,আগুবাড়ী,আগুবাড়ী,1
আঢ্ডায়,আড্ডায়,আই্ডায়,0
অয্ঞাতমূল,অজ্ঞাতমূল,অজ্ঞাতমূল,1
অণুগ,অনুগ,অনুগ,1
আণন্ধাভূতি,আনন্দাভূতি,আনন্দাবূতি,0
আণাগোনা,আনাগোনা,আনাগোনা,1
আফণাকেই,আপনাকেই,আপনাকে<unk>,0
অণ্যত্ভ,অন্যত্ব,অন্যত্ব,1
অফোকার্,অপোকার্,অপোকার্,1
আপিম,আফিম,আপিম,0
অসৌশ্ঠভ,অসৌষ্ঠব,অশ<unk>শ্ঠব,0
অবিণষ্,অবিনশ্,অবিনস্,0
আঞ্ছলিক,আঞ্চলিক,আঞ্চলিক,1
আফাকা,আপাকা,আপাকা,1
অনুরোদ,অনুরোধ,অনুরোদ,0
আঁযলাকরণ,আঁজলাকরণ,আঁজলাকরণ,1
অসুভধর্সিনী,অশুভদর্শিনী,অশুবদর্শণী,0
অর্দপথেই,অর্ধপথেই,অর্ধপথে<unk>,0
অণারভ্ধ,অনারব্ধ,অনারব্দ,0
অণপোত্,অনপোত্,অনপোত্,1
আওণু,আওনু,আ<unk>নু,0
অন্ধবিষ্বাসী,অন্ধবিশ্বাসী,অন্দবিশ্বে,0
আমাণউল্লার,আমানউল্লার,আমান<unk>ল্লার,0
অর্থষমূহে,অর্থসমূহে,অর্থসমূহে,1
আধাণফ্রদান,আদানপ্রদান,আদানপ্রদান,1
অধরকারী,অদরকারী,অধরকারী,0
অষতর্,অশতর্,অশতর্,1
আফোস,আপোস,আপোশ,0
আঞ্যনি,আঞ্জনি,আঞ্জনি,1
অত্জাচারে,অত্যাচারে,অত্যাচারে,1
অচ্চত্তে,অচ্ছত্তে,অচ্চত্তে,0
আকুণ্চণ্,আকুন্চন্,আকুন্চন্,1
অষ্ফুট,অস্ফুট,অশ্পুট,0
আঁছল,আঁচল,আঁচল,1
অর্ধহশ্ত,অর্ধহস্ত,অর্ধহস্ত,1
অঞ্ছলা,অঞ্চলা,অঞ্চলা,1
অধোক্,অদোক্,অধোক্,0
অপাভ্রিণু,অপাব্রিনু,অপাব্রিণ,0
অক্শরেখা,অক্ষরেখা,অক্ষরেখা,1
অস্মধ,অস্মদ,অস্মদ,1
আঝনা,আজনা,আজনা,1
অণুভুতি,অনুভুতি,অনুবুতি,0
অস্থাণকারী,অস্থানকারী,অস্থানকারী,1
অণারের,অনারের,অনারের,1
অন্ভিষ্ট,অন্বিষ্ট,অন্বিষ্ট,1
আদ্ঝকৃত্জ,আদ্যকৃত্য,আদ্যকৃত্য,1
অশহযোগী,অসহযোগী,অশহজোগী,0
অনুভন্দী,অনুবন্ধী,অনুবন্দী,0
অনভগুন্ঠিতা,অনবগুন্ঠিতা,অনবগুন্ঠা,0
অফ্রপ্রয়োগ,অপ্রপ্রয়োগ,অপ্রপ্রয়ো,0
অফোরিহার্,অপোরিহার্,অপোরিহার্,1
অশভর্,অশবর্,অশবর্,1
অদিভ্,অদিব্,অদিব্,1
অধ্জাত্ম,অধ্যাত্ম,অদ্যাত্ম,0
অণন্তকালে,অনন্তকালে,অনন্তকালে,1
অনব্যষ্ত,অনভ্যস্ত,অনব্যস্ত,0
অন্তরভিদারী,অন্তরবিদারী,অন্তরবিদারী,1
অযুগ্,অজুগ্,অজুগ্,1
অম্লীকরন,অম্লীকরণ,অম্লীকরণ,1
অগ্ণির,অগ্নির,অগ্নির,1
আছণ্বিতে,আচন্বিতে,আচন্বিতে,1
অমদুর,অমধুর,অমদুর,0
আবোস্,আবোশ্,আবোশ্,1
অক্শয়রূপে,অক্ষয়রূপে,অক্ষয়রূপে,1
অনদিক,অনধিক,অনদিক,0
অস্বে,অশ্বে,অশ্বে,1
অনুফমা,অনুপমা,অনুপমা,1
আঁকঝোক,আঁকজোক,আঁকজোক,1
অফ্রীতিকর,অপ্রীতিকর,অপ্রীতিকর,1
অণেকটা,অনেকটা,অনেকটা,1
অনিমা,অণিমা,অনিমা,0
অপিণদ্ধ,অপিনদ্ধ,অপিনদ্দ,0
আণণ্দেরি,আনন্দেরি,আনন্দেরি,1
আক্রোশফূর্ন,আক্রোশপূর্ণ,আক্রোশপূর্ণ,1
অমর্শগ্রস্ত,অমর্ষগ্রস্ত,অমর্ষগ্র্ত,0
অহিতাছার,অহিতাচার,অহিতাচার,1
অবর্জণীয়,অবর্জনীয়,অবর্জনীয়,1
অত্যধ্বুত,অত্যদ্ভুত,অত্যদ্ব,0
অর্ধবাগ,অর্ধভাগ,অর্ধবাগ,0
আকন্ধো,আকন্দো,আকন্দো,1
অশ্থিতফঞ্চক,অস্থিতপঞ্চক,অস্থিতপঞ্চক,1
আণন্ধিত,আনন্দিত,আনন্দিত,1
অকুলাণ,অকুলান,অকুলান,1
আইঊভ,আইউব,আ<unk><unk>ব,0
আটককরন,আটককরণ,আটককরণ,1
অভহেলা,অবহেলা,অবহেলা,1
আখাম্ভা,আখাম্বা,আখাম্বা,1
অহিংশা,অহিংসা,অহিংশা,0
অণিন্ধনীয়,অনিন্দনীয়,অনিন্দনীয়,1
আধালতাদির,আদালতাদির,আদালতাদির,1
অগষ্ত্য,অগস্ত্য,অগস্ত্য,1
আকিয,আকিজ,আকিজ,1
অট্টালিকাধি,অট্টালিকাদি,অট্টালিকা,0
আধরী,আদরী,আদরী,1
অধিধৈভত,অধিদৈবত,অধিদ<unk>বত,0
আন্তর্যাতীয়,আন্তর্জাতীয়,আন্তর্যাতীয়,0
আমণ্ত্রিত,আমন্ত্রিত,আমন্ত্রিত,1
অশমিয়া,অসমিয়া,অসমিয়া,1
অণন্যফূর্ব,অনন্যপূর্ব,অনন্যপূর্ব,1
অভোণিবনাও,অবোনিবনাও,অবোনিবনা,0
অদিকারসূচক,অধিকারসূচক,অধিকারসূচক,1
আনুফূর্ব্জ,আনুপূর্ব্য,আনুপূর্ব্য,1
অণাদায়ি,অনাদায়ি,অনাদায়ি,1
অগ্ণিপাটের,অগ্নিপাটের,অগ্নিপাটের,1
অণুসঙ্গভিশিষ্ট,অনুষঙ্গবিশিষ্ট,অনুসঙ্গবিষ্ট,0
আফ্তকাম,আপ্তকাম,আপ্তকাম,1
অর্থণীতি,অর্থনীতি,অর্থনীতি,1
আবরনশূন্জতা,আবরণশূন্যতা,আবরনশূন্যতা,0
অনুতফ্ত,অনুতপ্ত,অনুতপ্ত,1
আচ্ছিণ্ণ,আচ্ছিন্ন,আচ্ছিন্ন,1
অব্জাগতপরিছর্যা,অভ্যাগতপরিচর্যা,অব্যাগতপরিচা,0
আদারবাক্ষ,আধারবাক্স,আদারবাক্ষ,0
আবীরী,আভীরী,আবীরী,0
অদীর,অধীর,অধীর,1
অবষ্থায্ঞাপক,অবস্থাজ্ঞাপক,অবস্থাজ্ঞাপক,1
অক্সয়কীর্তি,অক্ষয়কীর্তি,অক্ষয়কীর্তি,1
অনদিকৃত,অনধিকৃত,অনদিকৃত,0
অভিমুখিণী,অভিমুখিনী,অবিমুখিনী,0
অষাষ্বত,অশাশ্বত,অশাশ্বত,1
আডাকা,আঢাকা,আ<unk>াকা,0
অণুভিয্ঞাণীদের,অণুবিজ্ঞানীদের,অনুবিজ্ঞানী,0
আগাফাস্,আগাপাস্,আগাপাশ্,0
অর্দছিণ্ন,অর্ধছিন্ন,অর্ধচিন্ন,0
আন্ধোলনশীল,আন্দোলনশীল,আন্দোলনশী,0
অশাদারণ,অসাধারণ,অসাদারণ,0
অভোহি,অবোহি,অবোহি,1
আটফুত্র,আটপুত্র,আটপুত্র,1
অবিরূপ,অভিরূপ,অবিরূপ,0
অণৃতো,অনৃতো,অনৃতো,1
অহংবাব,অহংভাব,অহংভাব,1
অদর্ম,অধর্ম,অদর্ম,0
অক্টোভর্,অক্টোবর্,অক্টোবর্,1
অন্জায়পূর্ভক,অন্যায়পূর্বক,অন্যায়পূর্ক,0
অঝগ্ম,অযগ্ম,অজগ্ম,0
অক্ষুব্দছিত্তে,অক্ষুব্ধচিত্তে,অক্ষুব্দচিতত,0
অণ্তরস্থ,অন্তরস্থ,অন্তরস্থ,1
অনুফাতে,অনুপাতে,অনুপাতে,1
আঘাতফ্রাপ্ত,আঘাতপ্রাপ্ত,আ<unk>াতপ্রাপ্ত,0
অণুধাভিত,অনুধাবিত,অনুদাবিত,0
আচোঁয়া,আছোঁয়া,আছোঁয়া,1
অবিপ্রায়ঝুক্ত,অভিপ্রায়যুক্ত,অবিপ্রায়জক্ত,0
আধোদ্,আদোদ্,আদোদ্,1
আদাপথ,আধাপথ,আদাপথ,0
আদিদোহভিক্,আধিদোহবিক্,আদিদোহবক্,0
অপ্রভীণ,অপ্রবীণ,অপ্রবীন,0
অপরাধিণী,অপরাধিনী,অপরাদিনী,0
আফষোস,আপসোস,আপশোষ,0
অধূরদর্ষিতা,অদূরদর্শিতা,অধূরদর্ষণ,0
আযোড়া,আঝোড়া,আজোড়া,0
অতিধৈব,অতিদৈব,অতিদ<unk>ব,0
আঝনম,আজনম,আজনম,1
অর্থগধ্ণুতায়,অর্থগধ্নুতায়,অর্থগদ্নুতায়,0
অফটু,অপটু,অপটু,1
অফ্রধীপ্ত,অপ্রদীপ্ত,অপ্রদীপ্ত,1
আটধিক,আটদিক,আটদিক,1
অভমাণন,অবমানন,অবমানন,1
অস্ভশালা,অশ্বশালা,অশ্বসালা,0
অষুক্,অশুক্,অশুক্,1
আণয়ন,আনয়ন,আনয়ন,1
অষুরবিসেষ,অসুরবিশেষ,অশুরবিশেষ,0
অশুখ,অসুখ,অশুখ,0
অণ্ডকোশের,অন্ডকোষের,অন্ডকোষের,1
অশ্থিরমতি,অস্থিরমতি,অস্থিরমতি,1
অভিনাশ,অবিনাশ,অবিনাশ,1
অঞ্জণের,অঞ্জনের,অঞ্জনের,1
অপণীত,অপনীত,অপনীত,1
আকচি,আকছি,আকচি,0
আবর্ঝণাদূর,আবর্জনাদূর,আবর্জনাদ,0
অ্ঝাফিঢাভিট্,অ্যাফিডাভিট্,অ্যাপি<unk>াবি,0
অফ্রোমেয়ো,অপ্রোমেয়ো,অপ্রোমেয়ো,1
অটণ্,অটন্,অটন্,1
অসহঝোগের,অসহযোগের,অশহজোগের,0
অণায়ক,অনায়ক,অনায়ক,1
অণোন্,অনোন্,অনোন্,1
অ্যাকাঊণ্ট,অ্যাকাউন্ট,অ্যাকা<unk>ন্ট,0
অন্দ্লা,অন্ধ্লা,অন্দ্লা,0
আভখোরাহ,আবখোরাহ,আবখোরাহ,1
অণিশ্ছয়তা,অনিশ্চয়তা,অনিষ্চয়তা,0
অফাপভিধ্ধ,অপাপবিদ্ধ,অপাপবিদ্দ,0
আভদ্দ,আবদ্ধ,আবদ্দ,0
অশোবণবাবে,অশোভনভাবে,অশোবনবাবে,0
আফরাহ্ণিক,আপরাহ্ণিক,আপরাহ্নিক,0
অযিফা,অজিফা,অজিপা,0
অযিনধারী,অজিনধারী,অজিনদারী,0
অসণ্তোষ,অসন্তোষ,অশন্তোশ,0
অণ্ঢঝুক্ত,অণ্ডযুক্ত,অন্ডজুক্ত,0
অফ্সরাবিসেস,অপ্সরাবিশেষ,অপ্ষরাবিশে,0
আঁসফল্,আঁশফল্,আঁশপল্,0
অণতীত,অনতীত,অনতীত,1
আছারবিরোদী,আচারবিরোধী,আচারবিরোইী,0
অব্যর্থনাবিষেষ,অভ্যর্থনাবিশেষ,অব্যর্থনাব,0
অনুরনিত,অনুরণিত,অনুরণিত,1
আঁটিষার,আঁটিসার,আঁটিসার,1
অক্সরয্ঞানহীন,অক্ষরজ্ঞানহীন,অক্ষরজ্ঞাণহী,0
আঁকাসির,আঁকাশির,আঁকাশির,1
অলঙ্ঘ্ঝ,অলঙ্ঘ্য,অলঙ্<unk>্য,0
অশিশ্টভাভে,অশিষ্টভাবে,অশিষ্টবাবে,0
আভারো,আবারো,আবারো,1
অগ্ণিসংযোগ,অগ্নিসংযোগ,অগ্নিশংগ,0
আঁসযুক্ত,আঁশযুক্ত,আঁশযুক্ত,1
অণিমিক,অনিমিক,অনিমিক,1
অষ্রুময়ী,অশ্রুময়ী,অশ্রুময়ী,1
অণুগ্রাহী,অনুগ্রাহী,অনুগ্রাহী,1
আঁধাড়ে,আঁদাড়ে,আঁদাড়ে,1
অযান্ত,অজান্ত,অজান্ত,1
আণার,আনার,আনার,1
অন্তর্বেধী,অন্তর্ভেদী,অন্তর্বেদী,0
আগ্রহাতিষয়তা,আগ্রহাতিশয়তা,আগ্রহাতিতে,0
অ্যালোফেথি,অ্যালোপেথি,অ্যালোপেথি,1
আণ্ধিয়ারি,আন্ধিয়ারি,আন্দিয়ারি,0
অফুপ,অপুপ,অপুপ,1
অমিতভ্যয়,অমিতব্যয়,অমিতব্যয়,1
অসম্ভৃত,অসম্বৃত,অসম্বৃত,1
অমদুরতা,অমধুরতা,অমদুরতা,0
অর্দশ্ফুট,অর্ধস্ফুট,অর্দস্পু,0
অফকট,অপকট,অপকট,1
অতিষ্,অতিশ্,অতিশ্,1
আবাসণ,আভাষণ,আবাশন,0
আঁশহীণ,আঁশহীন,আঁশহীন,1
আত্মবিকাষ,আত্মবিকাশ,আত্মবিকাশ,1
আতিফাতি,আতিপাতি,আতিপাতি,1
আমলাণো,আমলানো,আমলানো,1
অপূর্ন,অপূর্ণ,অপূর্ণ,1
অরন্যানীতে,অরণ্যানীতে,অরণ্যানীতে,1
আধিল,আদিল,আদিল,1
অছেতনার,অচেতনার,অচেতনার,1
অংসটিকে,অংশটিকে,অংশটিকে,1
অযগরের,অজগরের,অজগরের,1
অণ্ত্র,অন্ত্র,অন্ত্র,1
আত্মজ্ঞাণ,আত্মজ্ঞান,আত্মজ্ঞান,1
অস্লীল,অশ্লীল,অষ্লীল,0
অর্কমন্ধার,অর্কমন্দার,অর্কমন্দার,1
অমষৃণ,অমসৃণ,অমসৃণ,1
অস্ভীকৃতি,অস্বীকৃতি,অশ্বীকৃতি,0
অপিণিহিতির,অপিনিহিতির,অপিনিহিতি,0
অতিক্রমনীয়,অতিক্রমণীয়,অতিক্রমণীয়,1
অত্যদিত,অত্যধিত,অত্যদিত,0
আঝ্জাল,আজ্জাল,আজ্যাল,0
অগুনিত,অগুণিত,অগুনিত,0
আদিরাজ্জ,আধিরাজ্য,আদিরাজ্য,0
অচ্চধ,অচ্ছদ,অচ্ছদ,1
আভিছারিক,আভিচারিক,আবিচারিক,0
অল্ফতনু,অল্পতনু,অল্পতনু,1
অবিপ্রায়,অভিপ্রায়,অবিপ্রায়,0
আবচায়া,আবছায়া,আবছায়া,1
অসঙ্কিনী,অশঙ্কিনী,অসঙ্কিনী,0
আণ্দাঝি,আন্দাজি,আন্দাজি,1
অপকর্স,অপকর্ষ,অপকর্ষ,1
আভদাল্,আবদাল্,আবদাল্,1
অভোচয়োণ্,অবোচয়োন্,অবোচয়োন্,1
অণঙ্,অনঙ্,অনঙ্,1
অফোমৃত্,অপোমৃত্,অপোমৃত্,1
অপলকদৃশ্টিতে,অপলকদৃষ্টিতে,অপলকদৃষ্ট,0
অস্ত্রাধির,অস্ত্রাদির,অস্ত্রাদির,1
অবিছ্ঝুত,অবিচ্যুত,অবিচ্যুত,1
অ্যাকাদার্,অ্যাকাধার্,অ্যাকাদার্,0
আমত্ভ,আমত্ব,আমত্ব,1
অভোয়ব্,অবোয়ব্,অবোয়ব্,1
অছিরকাল,অচিরকাল,অচিরকাল,1
অকার্ফণ্য,অকার্পণ্য,অকার্পণ্য,1
অণ্তর্মুখ,অন্তর্মুখ,অন্তর্মুখ,1
অনাকর্শণ,অনাকর্ষণ,অনাকর্ষণ,1
অযোদ্যায়,অযোধ্যায়,অজোদ্যায়,0
অজষ্র,অজস্র,অজস্র,1
অণ্তর্ঘাতী,অন্তর্ঘাতী,অন্তর্ডাতী,0
অছেতো,অচেতো,অচেতো,1
আভমানি,আবমানি,আবমানি,1
অফেরণ,অপেরণ,অপেরণ,1
অত্যল্ফকালের,অত্যল্পকালের,অত্যল্পকালের,1
অভিবাধে,অবিবাদে,অবিবাদে,1
আতঙ্কজণক,আতঙ্কজনক,আতঙ্কজনক,1
অপরিনামদর্সী,অপরিণামদর্শী,অপরিনামদর্ষী,0
অকুন্ঠছিত্তে,অকুন্ঠচিত্তে,অকুন্ঠচিততে,0
অতিফরিপক্ভ,অতিপরিপক্ব,অতিপরিপম্ব,0
আভাগীর,আবাগীর,আবাগীর,1
অভহেলাপরায়ণ,অবহেলাপরায়ণ,অবহেলাপরায়,0
আপুটা,আফুটা,আফুটা,1
অগুরুমেধ,অগুরুমেদ,অগুরুমেদ,1
অগ্নিছূর্ণ,অগ্নিচূর্ণ,অগ্নিচূর্ণ,1
অ্যারেশ্,অ্যারেস্,অ্যারেশ্,0
অস্ত্রত্জাগ,অস্ত্রত্যাগ,অস্ত্রত্যাগ,1
আকষ্মাৎ,আকস্মাৎ,আকস্মা<unk>,0
অল্ফশিক্শিত,অল্পশিক্ষিত,অল্পশিক্ষ,0
আধরকরণ,আদরকরণ,আদরকরণ,1
অণুভভের,অনুভবের,অনুববের,0
অণায়ত,অনায়ত,অনায়ত,1
অভোস্,অবোস্,অবোশ্,0
আক্ভর্,আক্বর্,আক্বর্,1
আঁটশহ,আঁটসহ,আঁটশহ,0
অফ্রোজত্,অপ্রোজত্,অপ্রোজত্,1
আধেশাণুযায়ী,আদেশানুযায়ী,আদেশানুজায়,0
অংশণীয়,অংশনীয়,অংশনীয়,1
অনুবীক্সণ,অণুবীক্ষণ,অনুবীক্ষণ,0
আবরণহীণা,আভরণহীনা,আবরণহীনা,0
অণুমিতি,অনুমিতি,অনুমিতি,1
অষুবিধা,অশুবিধা,অশুবিদা,0
অভিদিতো,অবিদিতো,অবিদিতো,1
অগ্ণি,অগ্নি,অগ্নি,1
অণ্যেরা,অন্যেরা,অন্যেরা,1
অদোমুখে,অধোমুখে,অধোমুখে,1
অস্বেতাঙ্গ,অশ্বেতাঙ্গ,অশ্বেতাঙ্গ,1
আভৃত,আবৃত,আবৃত,1
অবিবাবক,অভিভাবক,অবিবাবক,0
আবেষ্,আবেস্,আবেশ্,0
অভেক্স্যমাণ,অবেক্ষ্যমাণ,অবেক্ষ্যমা,0
আঙিণা,আঙিনা,আঙিনা,1
অভিনয়াধি,অভিনয়াদি,অবিনয়াদি,0
অষ্ত্রধারী,অস্ত্রধারী,অস্ত্রদারী,0
অভমূর্ধা,অবমূর্ধা,অবমূর্দা,0
অণাস্বাধ,অনাস্বাদ,অনাশ্বাদ,0
আধমখোর,আদমখোর,আদমীোর,0
অরুনিমা,অরুণিমা,অরুনিমা,0
অগ্ণিমূল্য,অগ্নিমূল্য,অগ্নিমূল্য,1
আফীন,আপীন,আপীন,1
অসৌন্ধর্ঝ,অসৌন্দর্য,অশ<unk>ন্দর্য,0
অগ্নিভর্হ,অগ্নিবর্হ,অগ্নিবর্হ,1
অণ্ধ্র,অন্ধ্র,অন্দ্র,0
অনুছ্চশ্ভরে,অনুচ্চস্বরে,অনুচ্চস্বরে,1
আজাল,আঝাল,আজাল,0
অকৃতোধ্বাহ,অকৃতোদ্বাহ,অকৃতোদ্বাহ,1
অশংসক্ত,অসংসক্ত,অশংসক্ত,0
অনবিজ্ঞতার,অনভিজ্ঞতার,অনবিজ্ঞতার,0
অণ্তরঙ্গতা,অন্তরঙ্গতা,অন্তরঙ্গতা,1
অবঝ্ঞা,অবজ্ঞা,অবজ্ঞা,1
অন্তঃষত্রু,অন্তঃশত্রু,অন্ত<unk>সত্র,0
অভিশ্বষ্ত,অবিশ্বস্ত,অবিশ্বসত,0
অধ্যাত্মফণ্থি,অধ্যাত্মপন্থি,অদ্যাত্মপন্থি,0
অধিষ্ঠাণবূমি,অধিষ্ঠানভূমি,অধিষ্ঠানবি,0
অবাবিতো,অভাবিতো,অবাবিতো,0
আগলাইভার,আগলাইবার,আগলাইবার,1
অন্তভর্তী,অন্তবর্তী,অন্তবর্তী,1
অধ্ঝবসায়ষীল,অধ্যবসায়শীল,অদ্যবসায়শী,0
অণ্ণাভাব,অন্নাভাব,অন্নাবাব,0
আনর্থ্ঝ,আনর্থ্য,আনর্থ্য,1
আটভিক,আটবিক,আটবিক,1
অফরিনতবয়স্ক,অপরিণতবয়স্ক,অপরিনতবয়সক,0
আত্মনির্ভরকারিনী,আত্মনির্ভরকারিণী,আত্মনির্ররকিণী,0
অল্ফভাসী,অল্পভাষী,অল্পবাশী,0
অন্জভিধ,অন্যবিধ,অন্যবিদ,0
আণণ্দশূন্জ,আনন্দশূন্য,আনন্দসূন্য,0
আপাতকঠিণ,আপাতকঠিন,আপাতকিিণ,0
আধাষীন,আদাসীন,আদাশীন,0
অঙ্কটাঈ,অঙ্কটাই,অঙ্কটাই,1
আগ্ণেয়গিরির,আগ্নেয়গিরির,আগ্নেয়গির,0
অখ্ঝাতিজনক,অখ্যাতিজনক,অখ্যাতিজনক,1
অশ্ভক্ষমতা,অশ্বক্ষমতা,অশ্বক্ষমতা,1
অভিরল,অবিরল,অবিরল,1
অদোর্,অধোর্,অধোর্,1
অন্ঢঝপ্রাণী,অণ্ডজপ্রাণী,অন্ডজপ্রাণী,0
অম্ভ্,অম্ব্,অম্ব্,1
আভাহন,আবাহন,আবাহন,1
অঙ্কোণ্,অঙ্কোন্,অঙ্কোন্,1
অঘটণজ্ঞাফক,অঘটনজ্ঞাপক,অ<unk>টনজ্ঞাপক,0
আণারকলির,আনারকলির,আনারকলির,1
অকম্ফ্র,অকম্প্র,অকম্প্র,1
অণুবার,অনুবার,অনুবার,1
আত্মশাৎকৃত,আত্মসাৎকৃত,আত্মসা<unk>কৃত,0
অণুশীলণী,অনুশীলনী,অনুশীলনী,1
অফার্থিবা,অপার্থিবা,অপার্থিবা,1
অ্জাকার্,অ্যাকার্,অ্যাকার্,1
অভতরণ,অবতরণ,অবতরণ,1
অবষ্থাটা,অবস্থাটা,অবস্থাটা,1
আত্মফীড়া,আত্মপীড়া,আত্মপীড়া,1
অধোভা,অধোবা,অধোবা,1
অণুলোম,অনুলোম,অনুলোম,1
অভাচী,অবাচী,অবাচী,1
আকধ্,আকদ্,আকদ্,1
অর্থশঙ্কট,অর্থসঙ্কট,অর্থসঙ্কট,1
অদোরেখা,অধোরেখা,অধোরেখা,1
অকল্যানের,অকল্যাণের,অকল্যানের,0
অশ্থিতিস্থাফক,অস্থিতিস্থাপক,অস্থিতিস্রণ,0
অষারতা,অসারতা,অশারতা,0
আফাতো,আপাতো,আপাতো,1
আধরজ্ঞাফক,আদরজ্ঞাপক,আদরজ্ঞাপক,1
অহিহণ,অহিহন,অহিহন,1
আভিষ্কারিকা,আবিষ্কারিকা,আবিস্কারিকা,0
অজরে,অঝরে,অজরে,0
আতষেরি,আতসেরি,আতসেরি,1
আভহাওয়ার,আবহাওয়ার,আবহা<unk>য়ার,0
অরূফেরে,অরূপেরে,অরূপেরে,1
আত্মান্বেশণ,আত্মান্বেষণ,আত্মান্বেশন,0
আঞ্জণেয়,আঞ্জনেয়,আঞ্জনেয়,1
আছাভুয়ো,আচাভুয়ো,আচাবুয়ো,0
অণিত্যতা,অনিত্যতা,অনিত্যতা,1
অদিকন্তু,অধিকন্তু,অধিকন্তু,1
অপ্রোতিষ্,অপ্রোতিশ্,অপ্রোতিশ্,1
অক্ষরশমূহ,অক্ষরসমূহ,অক্ষরসমূহ,1
অণুচারিণী,অনুচারিণী,অনুচারিণী,1
অনীশ্ভর,অনীশ্বর,অনীশ্বর,1
আমধানির,আমদানির,আমদানির,1
অণুযোগী,অনুযোগী,অনুজোগী,0
অত্যল্ফ,অত্যল্প,অত্যল্প,1
অধিরোহন,অধিরোহণ,অধিরোহন,0
আফিশ,আফিস,আপিশ,0
অণুষঞ্চান,অনুসঞ্চান,অনুসঞ্চান,1
অর্জুণ,অর্জুন,অর্জুণ,0
অমৎষর,অমৎসর,অম<unk>শর,0
অণাত্,অনাত্,অনাত্,1
আফাণ্ঢুর,আপাণ্ডুর,আপান্ডুর,0
অস্ণাত,অস্নাত,অশ্নাত,0
অফরিকল্পিত,অপরিকল্পিত,অপরিকল্পিত,1
অণিন্ধ্র,অনিন্দ্র,অনিন্দ্র,1
অতর্কণীয়,অতর্কনীয়,অতর্কনীয়,1
অভসরসূণ্য,অবসরশূন্য,অবসরসূন্য,0
অভিদাণের,অভিধানের,অবিদানের,0
আতঙ্কগ্রশ্ত,আতঙ্কগ্রস্ত,আতঙ্কগ্রসত,0
অস্থণ্,অস্থন্,অস্থন্,1
অফবাদফূর্ন,অপবাদপূর্ণ,অপবাদপূর্ণ,1
অনুষন্দানজোগ্য,অনুসন্ধানযোগ্য,অনুশন্দানু,0
অঙ্কভেত্তা,অঙ্কবেত্তা,অঙ্কবেত্তা,1
আণ্ধাছক্কর,আন্ধাচক্কর,আন্দাচক্কর,0
আমাণউল্লাকে,আমানউল্লাকে,আমান<unk>ল্লাকে,0
অভয্ঞানুভূতি,অবজ্ঞানুভূতি,অবজ্ঞানুবি,0
অদুণাতন,অধুনাতন,অধুনাতন,1
আদৃশ্ট,আদৃষ্ট,আদৃষ্ট,1
অফার্থিব,অপার্থিব,অপার্থিব,1
আধিফত্যসূণ্য,আধিপত্যশূন্য,আদিপত্যসূন্,0
আধমের,আদমের,আদমের,1
অর্ভ,অর্ব,অর্ব,1
আকাঙ্ক্সার,আকাঙ্ক্ষার,আকাঙ্ক্ষার,1
অগ্ণিযোগে,অগ্নিযোগে,অগ্নিজোগে,0
অবিলষণীয়,অভিলষণীয়,অবিলসনীয়,0
অঙ্গসংস্থাণ,অঙ্গসংস্থান,অঙ্গসংস্ণ,0
আত্মলীণা,আত্মলীনা,আত্মলীনা,1
অলুভ্ধ,অলুব্ধ,অলুব্দ,0
আত্মশার,আত্মসার,আত্মসার,1
অশ্ত্রভিষয়ক,অস্ত্রবিষয়ক,অস্ত্রবিকী,0
অশ্ট্রেলিয়া,অস্ট্রেলিয়া,অষ্ট্রেলিয়া,0
অফরিছ্ছণ্ন,অপরিচ্ছন্ন,অপরিচ্চন্ণ,0
অসিফত্র,অসিপত্র,অশিপত্র,0
অণুজ্ঞাজ্ঞাফক,অনুজ্ঞাজ্ঞাপক,অনুজ্ঞাজ্ঞাপক,1
অশামাণ্,অশামান্,অশামান্,1
অফ্রষংসা,অপ্রশংসা,অপ্রসংশা,0
অভিপ্রযণণ,অভিপ্রজনন,অবিপ্রজণ,0
অণণ্যসম্ভণ্ধ,অনন্যসম্বন্ধ,অনন্যসম্বণ্,0
আফিলের,আপিলের,আপিলের,1
অধ্জয়,অধ্যয়,অদ্যয়,0
অগণন্,অগনন্,অগনন্,1
আকাষকে,আকাশকে,আকাশকে,1
অ্জাটম্,অ্যাটম্,অ্যাটম্,1
অষ্তগমণোদ্যত,অস্তগমনোদ্যত,অস্তগমনোদত,0
অদবা,অধবা,অধবা,1
অনুগ্রহস্ভরূফ,অনুগ্রহস্বরূপ,অনুগ্রহস্বপ,0
আত্মশহায়তা,আত্মসহায়তা,আত্মসহায়তা,1
আভাথাবা,আবাথাবা,আবাথাবা,1
